movie_id,genre_id
5,35
11,12
11,28
11,878
12,12
12,16
12,10751
13,18
13,35
13,10749
14,18
15,18
15,9648
18,12
18,28
18,878
19,18
19,878
22,12
22,14
22,28
24,28
24,80
25,18
25,10752
27,18
27,10402
27,10749
28,18
28,10752
33,37
35,16
35,35
35,10751
38,18
38,878
38,10749
58,12
58,14
58,28
59,18
59,53
59,80
62,12
62,878
62,9648
63,53
63,878
63,9648
65,18
65,10402
68,35
68,878
69,18
69,10402
69,10749
70,18
73,18
74,12
74,53
74,878
75,14
75,35
75,878
76,18
76,10749
77,53
77,9648
78,18
78,53
78,878
79,12
79,18
79,28
79,36
80,18
80,10749
81,12
81,14
81,16
82,28
82,53
82,80
85,12
85,28
87,12
87,28
88,18
88,10402
88,10749
89,12
89,28
90,28
90,35
90,80
95,12
95,28
95,878
96,28
96,35
96,80
97,12
97,28
97,878
98,12
98,18
98,28
101,18
101,28
101,80
103,18
103,80
104,18
104,28
104,53
105,12
105,35
105,878
106,12
106,28
106,53
106,878
107,35
107,80
111,18
111,28
111,80
114,35
114,10749
115,35
115,80
116,18
116,53
116,10749
117,36
117,53
117,80
118,12
118,14
118,35
118,10751
120,12
120,14
120,28
121,12
121,14
121,28
122,12
122,14
122,28
128,12
128,14
128,16
129,14
129,16
129,10751
134,12
134,35
134,80
136,18
136,27
137,14
137,35
137,10749
141,14
141,18
141,9648
142,18
142,10749
146,12
146,18
146,28
146,10749
149,16
149,28
149,878
150,28
150,35
150,80
153,18
153,35
153,10749
155,28
155,53
155,80
161,53
161,80
162,14
162,18
162,10749
163,53
163,80
164,18
164,35
164,10749
165,12
165,35
165,878
167,18
167,878
167,9648
168,12
168,878
169,28
169,53
169,878
170,27
170,53
170,878
173,12
173,14
173,878
175,12
175,18
175,10749
176,27
176,80
176,9648
180,28
180,53
180,878
184,18
184,53
184,80
185,80
185,878
186,18
186,53
186,80
186,9648
187,53
187,80
189,28
189,53
189,80
192,18
192,53
192,9648
194,35
194,10749
196,12
196,35
196,878
197,18
197,28
197,36
197,10752
207,18
213,12
213,53
214,27
214,53
214,80
215,27
217,12
217,28
218,28
218,53
218,878
227,18
227,80
231,18
231,53
235,18
235,80
238,18
238,80
239,35
239,80
239,10749
240,18
240,80
241,18
241,53
241,80
242,18
242,53
242,80
244,12
244,14
244,27
246,12
246,18
246,28
251,14
251,53
251,10749
252,14
252,35
252,10751
253,12
253,28
253,53
254,12
254,18
254,28
262,18
262,35
268,14
268,28
268,80
272,18
272,28
272,80
274,18
274,53
274,80
275,18
275,53
275,80
277,14
277,28
277,53
278,18
278,80
279,18
279,36
279,10402
280,28
280,53
280,878
284,18
284,35
284,10749
285,12
285,14
285,28
288,18
288,37
288,53
289,18
289,10749
293,18
296,28
296,53
296,878
297,14
297,18
297,10749
298,53
298,80
301,18
301,37
310,14
310,35
311,18
311,80
314,14
314,28
314,80
319,28
319,80
319,10749
320,18
320,53
320,80
322,18
322,53
322,80
322,9648
326,12
326,27
326,28
326,53
326,80
329,12
329,878
334,18
335,18
335,37
345,18
345,53
345,9648
346,18
346,28
348,27
348,878
350,18
350,35
364,14
364,28
377,27
378,35
378,80
380,18
387,18
387,36
387,10752
388,18
388,53
388,80
389,18
391,37
392,18
392,35
392,10749
393,28
393,53
393,80
395,12
395,27
395,28
395,878
402,53
402,9648
406,18
408,14
408,16
408,10751
409,18
409,10749
409,10752
411,12
411,14
411,10751
414,14
414,28
414,80
415,12
415,28
415,878
421,12
421,18
421,35
423,18
423,10752
424,18
424,36
424,10752
425,12
425,16
425,35
425,10751
426,53
426,9648
426,10749
429,37
433,14
433,35
433,10751
435,12
435,53
435,878
440,27
440,28
440,53
440,878
451,18
451,10749
453,18
453,10749
454,18
454,10749
462,18
470,18
470,53
470,80
479,12
479,28
479,53
479,80
483,53
483,80
483,10749
489,18
490,14
490,18
492,14
492,18
492,35
496,35
497,14
497,18
497,80
500,53
500,80
503,12
503,18
503,28
503,53
504,18
504,80
508,18
508,35
508,10749
509,35
509,10749
510,18
524,18
524,80
525,28
525,35
525,80
525,10402
533,12
533,16
533,35
533,10751
534,28
534,53
534,878
539,27
539,53
539,9648
544,35
544,10749
548,18
548,80
548,9648
550,18
550,53
553,18
553,53
553,80
557,28
557,878
558,12
558,28
558,878
559,12
559,28
559,878
561,14
561,27
561,28
562,28
562,53
563,12
563,28
563,53
563,878
564,12
564,14
564,28
565,27
565,9648
567,18
567,53
567,9648
568,18
568,36
571,27
571,53
578,12
578,27
578,53
581,12
581,18
581,37
582,18
582,53
583,35
585,16
585,35
585,10751
587,12
587,14
587,18
588,27
588,9648
590,18
591,53
591,9648
593,18
593,878
593,9648
594,18
594,35
595,18
597,18
597,10749
598,18
598,80
599,18
600,18
600,10752
601,12
601,14
601,878
601,10751
602,12
602,28
602,878
603,28
603,878
604,12
604,28
604,53
604,878
605,12
605,28
605,53
605,878
607,12
607,28
607,35
607,878
608,28
608,35
608,878
609,27
612,18
612,28
612,36
612,53
613,18
613,36
613,10752
615,18
616,18
616,28
616,10752
617,18
617,53
617,9648
619,18
619,28
619,10749
620,14
620,35
621,35
621,10749
622,27
622,53
622,9648
624,12
624,18
627,18
627,80
628,14
628,18
628,27
629,18
629,53
629,80
630,12
630,14
630,10751
634,18
634,35
634,10749
635,27
635,9648
637,18
637,35
638,18
638,53
638,9648
639,18
639,35
639,10749
640,18
640,80
641,18
641,80
642,12
642,18
642,36
642,37
642,80
644,12
644,18
644,878
646,12
646,28
646,53
650,18
650,80
651,18
651,35
651,10752
652,28
652,36
652,10752
653,14
653,27
655,18
657,12
657,28
657,53
658,12
658,28
658,53
659,18
659,36
659,10752
660,12
660,28
660,53
663,27
663,53
663,80
664,12
664,18
664,28
665,12
665,18
665,36
667,12
667,28
667,53
668,12
668,28
668,53
670,18
670,28
670,53
670,9648
671,12
671,14
672,12
672,14
673,12
673,14
674,12
674,14
675,12
675,14
676,28
676,36
676,10749
676,10752
679,28
679,53
679,878
680,35
680,53
680,80
682,12
682,28
682,53
686,18
686,878
686,9648
688,18
688,10749
691,12
691,28
691,53
693,35
693,10749
694,27
694,53
698,12
698,28
698,53
698,878
699,12
699,28
699,53
700,12
700,28
700,53
702,18
702,53
707,12
707,28
707,53
709,12
709,28
709,53
710,12
710,28
710,53
712,18
712,35
712,10749
714,12
714,28
714,53
744,18
744,28
744,10749
745,18
745,53
745,9648
746,18
746,36
747,27
747,35
752,28
752,53
752,878
754,28
754,80
754,878
755,27
755,28
755,53
755,80
756,14
756,16
756,10751
762,12
762,14
762,35
763,27
763,35
764,27
765,14
765,27
765,35
766,14
766,27
766,35
767,12
767,14
769,18
769,80
770,18
770,10749
770,10752
772,12
772,35
772,10751
773,18
773,35
782,53
782,878
782,9648
782,10749
786,18
786,10402
787,18
787,28
787,35
787,53
788,18
788,35
788,10751
792,18
792,28
792,10752
793,53
793,80
793,9648
795,14
795,18
795,10749
796,18
796,10749
802,18
802,35
803,36
803,99
804,18
804,35
804,10749
805,18
805,27
805,53
807,53
807,80
807,9648
808,12
808,14
808,16
808,35
808,10751
809,14
809,16
809,35
809,10749
809,10751
810,12
810,14
810,16
810,35
810,10751
812,12
812,14
812,16
812,10749
812,10751
813,35
814,27
814,35
817,12
817,35
817,80
818,35
818,80
819,18
819,53
819,80
820,18
820,36
820,53
824,18
824,10402
824,10749
829,53
829,80
829,9648
834,14
834,28
834,53
837,27
837,878
837,9648
838,18
838,35
839,28
839,53
839,10770
840,18
840,878
841,12
841,28
841,878
843,18
843,10749
846,53
846,878
846,9648
847,12
847,14
847,28
849,12
849,14
849,28
849,878
853,36
853,10752
854,14
854,35
854,80
854,10749
855,28
855,36
855,10752
856,14
856,16
856,35
856,80
857,18
857,36
857,10752
858,18
858,35
858,10749
859,18
859,10749
860,18
860,53
860,878
861,12
861,28
861,878
862,12
862,16
862,35
862,10751
863,16
863,35
863,10751
864,12
864,18
864,35
865,28
865,53
865,878
867,18
867,53
869,12
869,28
869,53
869,878
871,12
871,18
871,28
871,878
872,35
872,10749
879,12
879,14
879,35
879,10751
881,18
884,18
884,53
888,14
888,35
888,10751
901,18
901,35
901,10749
903,18
903,80
907,18
907,10749
907,10752
914,35
914,10752
916,28
916,53
916,80
920,12
920,16
920,35
920,10751
921,18
921,36
921,10749
923,27
923,878
924,27
924,878
926,12
926,35
926,878
927,14
927,27
927,35
929,28
929,53
929,878
935,35
935,10752
938,37
941,28
941,53
941,80
942,28
942,53
942,80
943,28
943,53
943,80
944,28
944,53
944,80
947,12
947,36
947,10752
948,27
948,53
949,18
949,28
949,80
950,12
950,16
950,35
950,10751
953,12
953,16
953,35
953,10751
954,12
954,28
954,53
955,12
955,28
955,53
956,12
956,28
956,53
957,35
957,878
966,12
966,28
966,37
967,12
967,18
967,36
967,10752
968,18
968,53
968,80
975,18
975,10752
978,12
978,18
978,36
979,18
979,53
979,80
984,28
984,53
984,80
1018,18
1018,53
1018,9648
1073,18
1073,53
1073,80
1073,9648
1089,28
1089,53
1089,80
1090,53
1090,878
1090,9648
1091,27
1091,878
1091,9648
1103,28
1103,53
1103,878
1124,18
1124,878
1124,9648
1164,18
1213,18
1213,53
1213,80
1246,18
1250,14
1250,28
1250,53
1255,18
1255,27
1255,878
1265,12
1265,18
1265,10751
1267,12
1267,16
1267,35
1267,878
1267,10751
1268,35
1268,10751
1271,12
1271,28
1271,10752
1272,53
1272,878
1273,12
1273,16
1273,35
1273,10751
1278,18
1278,10749
1281,12
1281,35
1281,10751
1359,18
1359,53
1359,80
1364,18
1364,10749
1366,18
1367,18
1368,12
1368,28
1368,53
1368,10752
1369,12
1369,28
1369,53
1369,10752
1370,12
1370,28
1370,53
1370,10752
1371,18
1371,28
1372,18
1372,28
1372,53
1374,18
1375,18
1378,18
1378,35
1378,10749
1391,18
1391,10749
1396,18
1396,36
1398,18
1398,878
1402,18
1412,18
1417,14
1417,18
1417,10752
1422,18
1422,53
1422,80
1427,14
1427,18
1427,80
1428,28
1428,37
1428,53
1428,80
1430,18
1430,99
1440,18
1440,10749
1443,18
1443,10749
1452,12
1452,28
1452,878
1487,14
1487,28
1491,14
1491,18
1491,53
1491,10749
1493,28
1493,35
1493,80
1495,12
1495,18
1495,28
1495,36
1495,10752
1498,12
1498,28
1498,35
1498,878
1498,10751
1535,28
1535,53
1535,80
1538,18
1538,53
1538,80
1541,12
1541,18
1541,80
1542,35
1547,18
1547,27
1547,35
1547,53
1547,10749
1562,27
1562,53
1562,878
1571,28
1571,53
1572,28
1572,53
1573,28
1573,53
1574,18
1574,35
1574,80
1576,27
1576,28
1576,878
1577,27
1577,28
1577,878
1578,18
1578,36
1579,18
1579,28
1579,36
1581,35
1581,10749
1584,35
1584,10402
1584,10751
1585,14
1585,18
1585,10751
1586,53
1586,9648
1587,18
1587,10749
1592,18
1592,53
1592,80
1592,9648
1593,14
1593,35
1593,10751
1597,35
1597,10749
1598,18
1598,53
1598,80
1607,18
1607,80
1620,18
1620,28
1620,53
1621,35
1624,14
1624,35
1633,18
1633,35
1635,28
1635,53
1635,878
1636,14
1636,35
1636,10749
1637,28
1637,53
1640,18
1643,18
1643,10749
1645,18
1645,53
1645,80
1654,12
1654,28
1654,10752
1656,12
1656,28
1656,37
1669,28
1669,53
1677,18
1677,10402
1678,27
1678,53
1678,878
1690,27
1691,27
1700,18
1700,53
1701,28
1701,53
1701,80
1710,53
1710,80
1710,9648
1715,18
1724,12
1724,28
1724,878
1726,12
1726,28
1726,878
1729,12
1729,14
1729,28
1730,14
1730,18
1730,27
1730,53
1730,9648
1734,12
1734,14
1734,28
1735,12
1735,14
1735,28
1738,28
1738,53
1738,878
1771,12
1771,28
1771,878
1788,18
1788,10749
1791,18
1791,10749
1813,18
1813,27
1813,9648
1817,53
1817,80
1824,35
1824,10749
1825,18
1825,28
1830,18
1830,53
1830,80
1832,12
1832,14
1832,35
1858,12
1858,28
1858,878
1865,12
1865,14
1865,28
1878,12
1878,18
1878,35
1885,18
1885,28
1885,10751
1887,18
1887,36
1891,12
1891,28
1891,878
1892,12
1892,28
1892,878
1893,12
1893,28
1893,878
1894,12
1894,28
1894,878
1895,12
1895,28
1895,878
1900,18
1900,53
1900,80
1903,878
1903,9648
1903,10749
1904,18
1904,36
1904,10749
1907,12
1907,18
1907,53
1907,10749
1911,12
1911,28
1911,36
1923,18
1923,27
1923,9648
1924,12
1924,28
1924,878
1927,12
1927,28
1927,878
1930,12
1930,28
1930,878
1933,27
1933,53
1933,9648
1946,28
1946,53
1946,878
1948,28
1948,53
1948,80
1949,53
1949,80
1949,9648
1954,53
1954,878
1955,18
1955,36
1965,18
1965,53
1965,80
1966,12
1966,18
1966,28
1966,36
1966,10749
1966,10752
1970,27
1970,53
1970,9648
1979,12
1979,28
1979,878
1991,28
1991,53
1992,27
1992,28
1992,53
1995,12
1995,14
1995,28
2005,35
2005,10402
2019,28
2019,53
2019,80
2022,35
2022,10749
2024,18
2024,28
2024,36
2024,10752
2028,18
2028,35
2028,10749
2034,18
2034,28
2034,80
2039,18
2039,35
2039,10749
2043,28
2043,53
2043,80
2043,9648
2046,18
2046,27
2046,53
2046,9648
2048,28
2048,878
2057,18
2057,36
2057,53
2057,9648
2057,10749
2059,12
2059,28
2059,53
2059,9648
2062,14
2062,16
2062,35
2062,10751
2064,35
2064,10749
2082,27
2085,28
2085,53
2085,80
2100,18
2100,28
2100,53
2105,35
2105,10749
2108,18
2108,35
2109,28
2109,35
2109,80
2112,18
2112,28
2112,53
2112,80
2118,53
2118,80
2118,9648
2119,12
2119,18
2119,28
2123,35
2124,53
2124,9648
2124,10749
2133,12
2133,18
2133,28
2135,12
2135,28
2135,878
2137,12
2137,14
2137,18
2137,28
2157,12
2157,878
2163,18
2163,28
2163,53
2163,80
2163,9648
2164,12
2164,28
2164,878
2251,18
2251,53
2251,10749
2252,53
2252,80
2252,9648
2253,18
2253,53
2253,10752
2259,18
2259,10749
2268,12
2268,14
2270,12
2270,14
2270,10749
2270,10751
2277,18
2277,878
2277,10749
2280,14
2280,18
2280,35
2288,18
2288,10749
2291,18
2291,27
2291,9648
2300,14
2300,16
2300,35
2300,878
2300,10751
2310,12
2310,16
2310,28
2312,12
2312,14
2312,18
2312,28
2322,18
2322,35
2322,80
2330,12
2330,28
2330,35
2330,80
2362,12
2362,37
2362,878
2440,18
2440,28
2440,53
2454,12
2454,14
2454,10751
2486,12
2486,14
2486,28
2486,10751
2493,12
2493,14
2493,35
2493,10749
2493,10751
2501,18
2501,28
2501,53
2501,9648
2502,18
2502,28
2502,53
2503,18
2503,28
2503,53
2503,9648
2517,18
2539,18
2539,35
2567,18
2605,35
2605,878
2605,10751
2609,35
2614,28
2614,35
2614,878
2619,14
2619,35
2619,10749
2623,18
2623,10749
2636,28
2636,53
2640,35
2640,80
2642,35
2642,10749
2649,18
2649,53
2649,9648
2652,18
2652,53
2655,18
2655,27
2655,53
2655,9648
2666,878
2666,9648
2667,27
2667,9648
2668,14
2668,27
2668,53
2668,9648
2671,27
2671,53
2675,27
2675,53
2675,878
2698,14
2698,35
2698,10751
2756,12
2756,53
2756,878
2758,14
2758,35
2758,10751
2770,35
2770,10749
2832,53
2832,9648
2898,18
2898,35
2898,10749
2899,12
2899,14
2899,35
2899,10751
2907,14
2907,35
2924,18
2924,28
2924,53
2924,80
2976,18
2976,35
2976,10749
2978,14
2978,35
3021,27
3021,9648
3049,35
3049,80
3049,9648
3050,14
3050,35
3050,10751
3082,18
3082,35
3082,10749
3084,18
3084,10749
3116,18
3131,18
3131,36
3131,80
3134,18
3134,53
3134,80
3170,16
3170,18
3170,10751
3175,18
3175,36
3175,10749
3175,10752
3176,18
3176,28
3176,53
3536,12
3536,28
3536,10752
3558,18
3563,35
3563,10749
3580,18
3580,80
3580,9648
3591,12
3591,14
3595,28
3595,53
3597,27
3597,53
3597,9648
3782,18
3933,14
3933,16
3933,10749
3981,35
3981,10749
4011,14
4011,35
4032,18
4032,35
4105,18
4105,28
4105,53
4108,28
4108,53
4108,80
4133,18
4133,80
4141,28
4141,35
4141,53
4141,80
4147,18
4147,53
4147,80
4148,18
4148,10749
4176,18
4176,53
4176,9648
4192,9648
4232,27
4232,80
4232,9648
4233,27
4233,9648
4234,27
4234,9648
4247,35
4248,35
4256,35
4257,35
4258,35
4327,12
4327,28
4327,35
4347,18
4347,10749
4348,18
4348,10749
4349,18
4349,28
4349,53
4379,35
4379,10749
4413,18
4413,53
4413,80
4421,18
4421,28
4421,10752
4442,12
4442,14
4442,28
4442,35
4442,53
4476,18
4476,37
4476,10749
4476,10752
4478,18
4478,10749
4488,27
4513,27
4513,53
4523,14
4523,35
4523,10749
4523,10751
4547,18
4547,53
4547,80
4550,18
4550,53
4552,18
4552,27
4552,9648
4553,18
4553,53
4561,18
4564,18
4564,35
4564,10749
4584,18
4584,10749
4588,18
4588,28
4588,53
4588,10749
4638,28
4638,35
4638,80
4643,12
4643,18
4643,28
4689,18
4689,28
4689,53
4806,35
4806,10749
4824,28
4824,53
4824,80
4858,27
4858,53
4858,878
4858,9648
4909,28
4909,53
4922,14
4922,18
4922,10749
4935,12
4935,14
4935,16
4944,18
4944,35
4951,18
4951,35
4951,10749
4961,27
4961,878
4964,18
4964,35
4964,10749
4970,27
4970,53
4970,9648
4977,16
4977,53
4977,878
4982,18
4982,80
4995,18
5070,18
5070,35
5123,18
5123,10402
5123,10751
5156,18
5174,28
5174,35
5174,80
5175,28
5175,35
5175,80
5176,37
5255,12
5255,14
5255,16
5255,10751
5289,18
5289,28
5289,80
5336,18
5336,27
5503,18
5503,28
5503,53
5528,18
5528,35
5528,10402
5548,28
5548,53
5548,878
5549,28
5549,53
5549,80
5549,878
5559,12
5559,16
5559,35
5559,10751
5689,12
5689,18
5689,10749
5825,35
5852,18
5852,53
5852,10749
5876,27
5876,53
5876,878
5879,18
5879,10749
5902,18
5902,36
5902,10752
5915,12
5915,18
5924,18
5924,80
5925,12
5925,18
5925,10752
5994,14
5994,18
5994,35
5994,10749
6023,18
6023,10749
6069,14
6069,27
6069,35
6075,18
6075,53
6075,80
6114,27
6114,10749
6145,53
6278,12
6278,14
6278,28
6282,18
6282,35
6282,10402
6282,10749
6312,12
6312,27
6312,28
6312,36
6435,14
6435,35
6435,10749
6466,27
6477,14
6477,16
6477,35
6477,10751
6479,18
6479,53
6479,878
6522,35
6522,80
6557,35
6557,10749
6620,18
6620,35
6620,10749
6637,12
6637,28
6637,53
6637,9648
6795,12
6795,878
6795,10751
6844,18
6844,36
6947,18
6947,53
6947,9648
6950,18
6950,28
6950,53
6950,878
6957,35
6957,10749
6964,18
6964,35
6964,10749
6977,37
6977,53
6977,80
6978,12
6978,14
6978,28
6978,35
7090,18
7095,18
7095,35
7095,10751
7131,12
7131,27
7131,28
7191,28
7191,53
7191,878
7214,18
7214,36
7220,18
7220,28
7220,80
7278,14
7278,35
7299,28
7299,53
7299,878
7326,18
7326,35
7326,10749
7340,27
7340,53
7345,18
7347,18
7347,28
7347,80
7350,18
7350,35
7442,18
7442,53
7443,16
7443,35
7443,10751
7445,18
7445,53
7445,10752
7446,12
7446,28
7446,35
7446,10752
7451,12
7451,18
7451,28
7451,53
7451,80
7453,12
7453,35
7453,878
7459,12
7459,28
7459,35
7459,10751
7484,12
7484,16
7484,35
7484,10751
7485,18
7485,28
7485,53
7508,18
7512,12
7512,35
7512,878
7516,18
7516,28
7516,35
7516,53
7516,80
7518,12
7518,16
7518,35
7518,10751
7520,18
7520,35
7520,10749
7549,18
7549,28
7551,28
7551,53
7551,878
7552,35
7552,80
7553,35
7553,10749
7555,28
7555,53
7555,10752
7735,18
7735,53
7840,12
7840,14
7840,18
7840,28
7980,14
7980,18
8005,35
8007,18
8007,28
8007,53
8007,10752
8009,12
8009,14
8009,28
8051,18
8051,35
8051,10749
8055,18
8055,10749
8065,18
8065,80
8066,18
8066,53
8066,9648
8068,28
8068,53
8068,80
8077,27
8077,28
8077,878
8078,27
8078,28
8078,878
8095,18
8095,36
8095,10749
8195,28
8195,53
8195,80
8202,28
8202,53
8202,878
8204,12
8204,14
8204,18
8204,10751
8224,53
8224,80
8224,9648
8247,12
8247,28
8247,878
8271,18
8271,53
8271,9648
8273,35
8273,10749
8290,35
8290,10752
8292,28
8292,80
8321,18
8321,35
8321,80
8326,12
8326,18
8326,35
8326,10751
8329,27
8329,9648
8337,28
8337,53
8337,878
8355,12
8355,16
8355,35
8355,10751
8358,12
8358,18
8363,35
8367,12
8367,18
8367,28
8374,28
8374,53
8374,80
8392,14
8392,16
8392,10751
8393,28
8393,35
8413,27
8413,878
8413,9648
8456,18
8456,28
8467,35
8470,18
8470,53
8470,80
8487,12
8487,28
8487,35
8487,37
8487,878
8488,18
8488,35
8488,10749
8536,12
8536,28
8536,878
8584,12
8584,28
8584,35
8584,37
8587,16
8587,18
8587,10751
8619,12
8619,18
8619,10752
8643,18
8643,27
8643,53
8643,80
8645,53
8645,878
8656,18
8656,28
8656,878
8681,28
8681,53
8689,27
8697,12
8697,28
8697,35
8697,53
8698,14
8698,28
8698,53
8698,878
8741,18
8741,36
8741,10752
8764,35
8769,27
8810,12
8810,28
8810,53
8810,878
8814,27
8814,28
8814,878
8834,18
8834,28
8834,53
8834,9648
8835,35
8838,18
8838,28
8838,53
8838,80
8839,14
8839,35
8839,10751
8840,12
8840,14
8840,18
8840,28
8843,27
8843,53
8843,878
8845,28
8845,53
8848,18
8848,53
8848,80
8856,12
8856,18
8856,28
8856,10749
8856,10751
8867,18
8867,28
8867,53
8867,80
8871,14
8871,35
8871,10751
8879,18
8879,37
8909,28
8909,53
8909,80
8913,27
8914,27
8914,28
8914,878
8916,16
8916,35
8916,10751
8920,35
8920,10751
8922,27
8960,14
8960,28
8961,28
8961,35
8961,80
8963,18
8963,28
8963,53
8963,10752
8966,14
8966,18
8966,10749
8967,14
8967,18
8982,18
8982,28
8982,53
8982,80
9003,27
9003,53
9007,14
9007,35
9007,10749
9008,18
9008,53
9016,12
9016,14
9016,16
9016,878
9016,10751
9023,12
9023,16
9023,18
9023,37
9023,10751
9029,35
9029,10749
9032,18
9032,35
9035,27
9035,35
9035,878
9053,12
9053,28
9053,53
9056,28
9056,35
9056,80
9062,18
9062,10749
9072,35
9072,80
9078,14
9078,16
9078,10751
9100,14
9100,18
9100,27
9101,35
9208,28
9208,53
9255,28
9255,35
9255,10752
9257,28
9257,53
9257,80
9268,28
9268,53
9268,9648
9273,12
9273,35
9273,80
9276,27
9276,878
9277,18
9277,35
9277,80
9279,12
9279,35
9279,10751
9281,18
9281,53
9281,80
9285,12
9285,35
9286,27
9286,9648
9289,18
9289,28
9289,10752
9291,18
9291,35
9291,80
9297,14
9297,16
9297,35
9297,10751
9303,18
9303,53
9303,80
9312,14
9312,28
9313,12
9313,18
9313,28
9316,28
9316,53
9316,80
9319,28
9319,53
9323,16
9323,28
9323,878
9325,12
9325,16
9325,10751
9326,12
9326,28
9326,35
9326,10749
9327,14
9327,35
9327,878
9327,10749
9331,18
9331,28
9331,53
9334,12
9334,14
9334,28
9335,28
9335,53
9335,80
9336,35
9336,80
9339,14
9339,18
9339,35
9340,12
9340,35
9340,10751
9341,12
9341,53
9341,878
9342,12
9342,28
9344,18
9344,80
9348,27
9348,28
9348,878
9349,28
9349,53
9349,878
9350,12
9350,28
9350,53
9352,35
9353,35
9354,12
9354,35
9354,878
9354,10751
9355,12
9355,28
9355,878
9358,27
9358,9648
9360,12
9360,27
9360,53
9361,28
9361,36
9361,10749
9361,10752
9362,27
9362,28
9362,35
9362,878
9366,18
9366,53
9366,80
9373,27
9374,14
9374,27
9374,35
9377,35
9378,27
9378,53
9383,28
9383,53
9383,878
9386,18
9386,28
9386,53
9386,80
9386,9648
9387,12
9387,14
9387,28
9390,18
9390,35
9390,10749
9392,12
9392,27
9397,28
9397,35
9397,878
9398,35
9399,28
9404,12
9404,18
9404,28
9404,35
9404,53
9404,80
9408,16
9408,35
9408,10751
9411,18
9411,53
9411,80
9426,27
9426,878
9428,18
9428,35
9430,35
9430,53
9430,80
9441,18
9441,35
9441,10749
9444,12
9444,14
9444,16
9444,10751
9453,18
9453,36
9454,18
9454,35
9454,10749
9457,12
9457,27
9457,28
9457,878
9461,28
9462,28
9462,80
9470,14
9470,28
9470,35
9470,80
9471,12
9471,28
9471,35
9472,35
9473,16
9473,35
9475,18
9476,12
9476,18
9476,28
9476,10749
9477,12
9477,18
9477,28
9477,36
9477,10752
9479,14
9479,16
9479,10751
9480,14
9480,28
9481,18
9481,53
9481,80
9481,9648
9482,28
9482,878
9486,12
9486,28
9486,35
9487,12
9487,16
9487,35
9487,10751
9488,12
9488,28
9488,35
9488,878
9488,10751
9489,35
9489,10749
9493,35
9495,14
9495,28
9495,53
9502,16
9502,28
9502,35
9502,10751
9506,35
9509,18
9509,28
9509,53
9516,18
9516,53
9516,80
9522,35
9522,10749
9529,18
9529,27
9529,53
9530,12
9530,35
9530,10751
9532,27
9539,18
9539,27
9539,53
9543,12
9543,14
9543,28
9550,12
9550,18
9550,28
9552,18
9552,27
9559,18
9559,53
9559,80
9560,18
9560,10749
9567,18
9567,28
9567,10752
9571,18
9571,35
9576,35
9576,10749
9587,18
9587,10749
9593,12
9593,14
9593,28
9593,35
9593,10751
9594,18
9594,28
9594,53
9594,80
9595,28
9595,35
9595,10752
9598,14
9598,18
9598,35
9598,10751
9600,35
9600,80
9602,35
9602,10749
9603,35
9603,10749
9604,28
9604,80
9607,12
9607,14
9607,35
9607,10751
9612,35
9612,878
9614,35
9618,18
9618,28
9618,35
9618,53
9618,80
9620,12
9620,28
9620,53
9620,878
9620,9648
9631,18
9631,28
9631,53
9631,80
9637,12
9637,35
9637,9648
9645,27
9645,53
9645,9648
9654,28
9654,80
9655,35
9655,10749
9659,12
9659,28
9659,53
9659,878
9663,18
9663,878
9663,10749
9665,18
9665,36
9665,10752
9671,12
9671,35
9678,14
9678,35
9679,28
9679,53
9679,80
9693,28
9693,53
9693,878
9696,27
9696,28
9696,80
9702,18
9702,53
9702,80
9705,28
9705,53
9705,80
9714,35
9714,10751
9725,27
9725,53
9731,27
9731,53
9737,28
9737,35
9737,53
9737,80
9738,14
9738,28
9738,878
9739,28
9739,80
9739,878
9741,18
9741,53
9741,9648
9753,12
9753,18
9753,53
9757,35
9759,18
9759,28
9759,53
9759,80
9762,18
9762,80
9762,10402
9762,10749
9767,35
9767,10749
9769,18
9772,28
9772,53
9778,35
9778,10749
9788,35
9792,27
9792,53
9793,27
9798,18
9798,28
9798,53
9800,18
9802,12
9802,28
9802,53
9804,12
9804,28
9804,878
9806,12
9806,16
9806,28
9806,10751
9809,35
9809,80
9820,35
9820,10749
9820,10751
9823,14
9823,28
9823,878
9825,27
9825,28
9825,35
9825,53
9825,878
9833,18
9833,53
9833,10749
9836,16
9836,35
9836,10751
9837,12
9837,16
9837,18
9837,10751
9869,18
9869,28
9869,53
9869,80
9870,18
9870,35
9870,10749
9874,28
9874,53
9874,80
9880,35
9880,10749
9880,10751
9886,12
9886,28
9886,878
9889,14
9889,18
9889,35
9889,10749
9894,18
9894,35
9894,53
9896,12
9896,35
9902,27
9902,53
9904,12
9904,16
9904,28
9904,35
9904,10751
9906,12
9906,14
9906,16
9906,35
9906,10751
9907,16
9907,35
9907,10751
9913,18
9913,27
9913,53
9913,9648
9919,35
9919,10749
9928,16
9928,35
9928,878
9928,10751
9946,14
9946,27
9946,28
9947,12
9947,14
9947,28
9982,16
9982,35
9982,10751
9992,12
9992,14
9992,16
9992,10751
9994,12
9994,16
9994,80
9994,9648
9994,10751
10009,12
10009,16
10009,10751
10010,12
10010,16
10010,10751
10014,27
10020,14
10020,16
10020,10749
10020,10751
10022,28
10022,35
10022,10751
10025,14
10025,18
10025,35
10025,10749
10025,10751
10030,35
10030,10749
10033,35
10033,10749
10045,28
10045,53
10045,878
10047,12
10047,18
10047,28
10047,36
10047,10752
10054,12
10054,28
10054,35
10054,878
10054,10751
10057,12
10057,28
10057,35
10057,10749
10066,27
10066,53
10066,9648
10068,18
10068,10749
10096,14
10096,35
10096,10749
10098,18
10098,35
10110,18
10110,36
10110,10752
10112,12
10112,16
10112,35
10112,10751
10135,28
10135,53
10137,12
10137,14
10137,35
10137,10751
10138,12
10138,28
10138,878
10140,12
10140,14
10140,10751
10144,14
10144,16
10144,10751
10159,12
10159,28
10159,35
10159,53
10184,18
10184,35
10184,10749
10189,28
10189,35
10189,80
10191,12
10191,14
10191,16
10191,10751
10192,12
10192,14
10192,16
10192,35
10192,10751
10193,16
10193,35
10193,10751
10195,12
10195,14
10195,28
10196,12
10196,14
10196,28
10198,14
10198,16
10198,10749
10198,10751
10200,18
10200,53
10200,878
10201,35
10201,10749
10204,12
10204,28
10204,35
10214,12
10214,14
10214,35
10214,10751
10220,18
10220,80
10222,18
10222,28
10222,53
10228,12
10228,14
10228,16
10228,28
10228,10751
10229,18
10229,10749
10312,18
10312,35
10314,35
10314,10749
10315,12
10315,16
10315,35
10315,10751
10323,12
10323,14
10323,28
10327,35
10327,10749
10330,14
10330,35
10330,10749
10330,10751
10331,27
10331,53
10331,878
10336,12
10336,14
10336,27
10336,28
10336,53
10336,878
10340,12
10340,16
10340,35
10340,10749
10340,10751
10357,18
10357,28
10357,53
10357,878
10358,35
10358,10749
10376,18
10376,10402
10386,16
10386,18
10386,878
10386,10751
10393,35
10398,53
10398,80
10398,9648
10402,35
10402,10749
10428,18
10428,28
10428,53
10428,80
10431,28
10431,53
10431,80
10439,14
10439,35
10439,10751
10474,18
10474,80
10477,18
10477,28
10483,28
10483,53
10483,878
10489,18
10489,27
10494,16
10494,53
10497,18
10497,53
10497,10749
10501,12
10501,14
10501,16
10501,35
10501,10751
10515,12
10515,14
10515,16
10515,28
10515,10751
10527,12
10527,16
10527,35
10527,10751
10528,12
10528,80
10528,9648
10529,28
10529,878
10530,12
10530,16
10530,10749
10530,10751
10536,35
10536,53
10536,80
10543,53
10545,16
10545,18
10545,10751
10555,16
10555,28
10555,35
10555,10751
10559,53
10559,80
10559,878
10567,12
10567,16
10567,18
10567,10751
10585,27
10588,12
10588,14
10588,35
10588,10751
10590,28
10590,36
10590,10752
10591,35
10591,10749
10601,12
10601,14
10601,10751
10603,12
10603,35
10603,10749
10603,10751
10617,18
10617,28
10622,28
10622,35
10622,80
10623,18
10623,28
10623,80
10625,18
10625,35
10634,18
10634,35
10637,18
10647,18
10661,28
10661,35
10665,27
10669,12
10669,18
10669,53
10673,18
10673,80
10674,12
10674,16
10674,10751
10681,16
10681,878
10681,10751
10683,18
10683,35
10693,12
10693,14
10693,16
10693,10751
10718,28
10718,35
10718,80
10719,14
10719,35
10719,10751
10729,35
10729,80
10731,18
10731,53
10731,80
10731,9648
10734,18
10734,53
10747,37
10753,28
10753,53
10753,80
10757,18
10757,35
10764,12
10764,28
10764,53
10771,28
10771,35
10771,53
10771,878
10774,18
10775,18
10775,28
10775,53
10775,80
10775,9648
10776,27
10776,35
10780,35
10780,10749
10781,27
10781,53
10796,28
10796,53
10796,878
10802,18
10830,14
10830,35
10830,10751
10835,18
10835,28
10835,53
10835,80
10847,12
10847,18
10847,53
10851,18
10851,53
10851,80
10851,9648
10860,18
10860,35
10860,10749
10865,12
10865,16
10865,878
10865,10751
10866,18
10866,53
10866,9648
10867,18
10882,14
10882,16
10882,10749
10882,10751
10895,14
10895,16
10895,10751
10897,35
10897,10749
10897,10751
10925,27
10925,35
10925,878
10948,12
10948,16
10948,18
10948,10751
10950,18
10956,12
10956,35
10974,12
10974,28
10974,35
10975,12
10975,28
10975,53
10975,80
10982,16
10982,35
10982,80
10982,9648
10982,10751
10995,18
10995,10749
10997,18
10998,18
10998,53
10998,10749
10999,12
10999,28
10999,53
11000,35
11000,10749
11001,28
11001,35
11001,80
11005,18
11007,18
11007,35
11007,10751
11008,12
11008,35
11008,10751
11009,18
11011,35
11011,10751
11012,18
11012,10749
11013,18
11013,35
11013,10749
11023,18
11036,18
11036,10749
11045,28
11045,35
11045,53
11045,80
11046,12
11046,28
11046,10752
11069,27
11069,28
11069,35
11072,35
11072,37
11074,28
11074,53
11074,80
11074,9648
11075,18
11075,27
11087,18
11087,53
11104,18
11104,35
11104,10749
11130,18
11130,35
11130,10749
11130,10751
11134,28
11134,53
11134,80
11153,12
11153,35
11186,27
11187,27
11187,53
11198,12
11198,28
11198,35
11198,10749
11199,12
11199,28
11199,35
11205,28
11205,35
11205,80
11205,10749
11212,12
11212,35
11212,80
11212,10751
11216,18
11216,10749
11220,28
11220,80
11220,10749
11224,14
11224,16
11224,10749
11224,10751
11230,28
11230,35
11237,12
11237,27
11237,53
11247,35
11247,10749
11247,10751
11249,27
11249,35
11253,14
11253,28
11283,14
11283,35
11283,10751
11286,28
11286,35
11286,10751
11321,18
11322,18
11322,36
11322,80
11324,18
11324,53
11324,9648
11351,27
11358,12
11358,18
11358,28
11358,53
11360,16
11360,10751
11362,12
11362,18
11362,28
11362,36
11362,53
11371,18
11371,28
11371,53
11371,80
11371,9648
11397,35
11422,18
11422,28
11422,36
11422,10752
11423,18
11423,53
11423,80
11428,14
11428,27
11428,53
11451,12
11451,14
11451,35
11451,10749
11451,10751
11452,35
11452,10749
11453,35
11459,12
11459,35
11459,10751
11460,53
11460,9648
11471,18
11471,28
11471,80
11474,28
11474,53
11497,14
11497,16
11497,18
11497,35
11497,10751
11522,18
11522,10749
11527,12
11527,14
11528,18
11528,35
11528,10751
11529,35
11529,10749
11544,16
11544,35
11544,878
11544,10751
11565,35
11565,80
11619,12
11619,16
11619,35
11619,10751
11620,18
11620,36
11620,10749
11621,12
11621,14
11621,16
11622,18
11622,35
11622,10749
11631,35
11631,10749
11635,35
11644,53
11644,80
11644,9648
11645,18
11645,28
11645,36
11647,28
11647,53
11647,80
11649,12
11649,14
11649,28
11649,53
11649,878
11665,28
11665,35
11665,53
11667,12
11667,28
11667,35
11667,53
11674,35
11674,10751
11678,12
11678,28
11678,53
11679,12
11679,28
11679,53
11679,80
11683,27
11683,53
11683,878
11688,12
11688,14
11688,16
11688,35
11688,10751
11690,18
11690,28
11690,53
11713,18
11713,28
11713,53
11770,28
11770,35
11774,12
11774,35
11774,10751
11778,18
11778,10752
11782,28
11782,53
11782,80
11806,35
11806,10751
11808,28
11808,53
11808,80
11814,14
11814,35
11814,878
11814,10749
11824,14
11824,35
11824,10749
11836,12
11836,14
11836,16
11836,35
11836,10751
11838,27
11845,14
11845,18
11845,10749
11852,14
11852,35
11860,18
11860,35
11860,10749
11878,18
11878,53
11886,12
11886,16
11886,10751
11892,18
11892,53
11892,80
11917,27
11917,53
11917,80
11918,28
11918,35
11918,878
11932,27
11932,35
11936,12
11936,14
11936,35
11953,18
11953,28
11953,36
11953,10752
11954,27
11954,28
11954,878
11954,9648
11963,53
11963,9648
11968,12
11968,28
11968,53
11968,80
11969,28
11969,37
11970,12
11970,14
11970,16
11970,35
11970,10749
11970,10751
11975,18
11975,53
11975,80
11976,12
11976,14
11977,35
11978,18
12092,12
12092,14
12092,16
12092,10751
12096,12
12096,35
12096,80
12096,9648
12096,10751
12100,28
12100,10752
12101,80
12101,878
12101,9648
12102,18
12106,18
12106,28
12106,37
12106,53
12106,10749
12113,18
12113,28
12113,53
12120,35
12120,878
12133,35
12139,35
12139,10751
12140,16
12140,18
12140,878
12144,12
12144,16
12144,10751
12153,35
12153,80
12155,12
12155,14
12155,10751
12159,14
12159,18
12159,10749
12162,18
12162,53
12162,10752
12163,18
12163,10749
12180,12
12180,16
12180,28
12180,878
12184,18
12184,36
12184,10749
12207,28
12207,35
12208,12
12208,28
12208,35
12222,12
12222,14
12222,16
12222,35
12222,10751
12230,12
12230,16
12230,35
12230,10751
12237,27
12237,99
12244,12
12244,16
12244,28
12244,53
12244,878
12279,12
12279,28
12279,35
12279,878
12279,10751
12289,12
12289,18
12289,28
12289,36
12289,10752
12309,35
12405,18
12405,10749
12429,14
12429,16
12429,10751
12437,14
12437,28
12437,53
12444,12
12444,14
12445,12
12445,14
12476,27
12476,28
12476,53
12476,878
12481,28
12493,18
12493,53
12493,80
12572,18
12572,35
12572,10749
12599,12
12599,14
12599,16
12599,878
12599,10751
12620,35
12620,10749
13009,27
13009,35
13009,878
13027,28
13027,53
13027,9648
13053,12
13053,16
13053,35
13053,10751
13056,28
13056,80
13078,18
13127,18
13127,28
13127,53
13127,80
13161,35
13161,80
13179,12
13179,14
13179,16
13179,10751
13183,28
13183,878
13183,9648
13192,14
13192,10402
13195,18
13195,53
13195,80
13207,27
13207,53
13223,18
13333,18
13333,28
13333,53
13342,18
13342,35
13342,10749
13345,12
13345,14
13345,18
13345,28
13345,35
13345,10749
13363,18
13363,878
13375,18
13375,35
13387,28
13387,53
13387,80
13398,16
13398,18
13398,35
13448,53
13448,9648
13455,12
13455,28
13455,53
13455,878
13460,28
13460,53
13460,878
13475,12
13475,28
13475,878
13483,53
13483,80
13483,9648
13497,18
13497,35
13497,10402
13497,10749
13510,27
13510,53
13515,27
13515,9648
13523,12
13523,35
13523,10749
13576,99
13576,10402
13597,12
13597,14
13597,10751
13600,12
13600,14
13600,10751
13668,18
13668,35
13668,10749
13673,35
13673,10751
13680,35
13680,10751
13681,18
13688,14
13688,18
13688,35
13688,878
13688,10751
13700,16
13700,10751
13811,28
13811,53
13811,878
13811,9648
13885,18
13885,27
13888,12
13888,18
13920,18
13939,18
13939,28
13939,80
13969,18
13969,35
13969,10749
13969,10751
13971,18
13971,35
13971,10749
14001,27
14003,12
14003,16
14003,18
14003,28
14052,35
14069,14
14069,16
14069,18
14069,878
14160,12
14160,16
14160,35
14160,10751
14161,12
14161,28
14161,878
14174,18
14191,14
14191,35
14191,10749
14191,10751
14199,12
14199,878
14199,10751
14202,18
14202,10749
14282,14
14282,16
14282,28
14324,12
14324,28
14324,35
14324,10749
14411,12
14411,14
14411,16
14411,28
14411,10751
14412,53
14412,80
14442,14
14442,35
14442,10751
14537,18
14537,28
14537,36
14564,27
14574,18
14574,36
14574,10752
14684,18
14695,18
14695,80
14741,18
14741,35
14741,10749
14756,18
14756,28
14756,36
14784,12
14784,14
14784,18
14836,14
14836,16
14836,10751
14864,53
14864,80
14864,10749
14869,12
14869,28
14869,53
14869,878
14919,16
14919,80
14919,9648
14926,18
14926,35
15015,16
15015,10751
15070,18
15070,28
15070,80
15092,28
15092,53
15092,80
15121,18
15121,10402
15121,10749
15121,10751
15137,16
15137,18
15137,28
15137,878
15157,35
15157,10402
15157,10749
15157,10751
15165,16
15165,35
15165,10751
15196,35
15196,53
15196,80
15196,9648
15356,18
15356,27
15356,53
15356,80
15370,12
15370,14
15370,16
15370,18
15370,10751
15371,12
15371,16
15371,35
15371,80
15373,35
15384,12
15384,18
15384,28
15384,36
15384,10752
15472,18
15472,53
15472,80
15472,9648
15512,12
15512,16
15512,878
15512,10751
15765,18
15765,36
15765,10402
15767,12
15767,14
15767,28
15767,53
15767,878
15802,18
15916,14
15916,16
15916,9648
15999,12
15999,14
15999,16
15999,27
15999,28
15999,878
16113,28
16113,53
16113,10752
16157,16
16157,28
16157,878
16161,18
16161,53
16161,80
16161,10749
16269,18
16269,28
16269,35
16318,35
16318,10749
16320,12
16320,28
16320,53
16320,878
16411,18
16411,28
16411,80
16617,53
16617,80
16617,9648
16664,18
16664,80
16859,14
16859,16
16859,10751
16869,18
16869,53
16869,10752
16871,27
16871,53
16907,12
16907,16
16907,28
16907,35
16996,14
16996,18
16996,35
16996,10749
17111,27
17111,53
17111,9648
17422,18
17422,10749
17431,18
17431,878
17467,28
17467,35
17467,53
17467,80
17529,18
17529,37
17578,12
17578,16
17578,9648
17581,14
17581,16
17581,28
17610,12
17610,35
17653,12
17653,28
17653,35
17654,878
17741,18
17809,28
17903,18
17927,35
17979,14
17979,16
17979,18
17979,10751
18148,18
18239,12
18239,14
18239,18
18239,10749
18240,18
18240,35
18240,10749
18329,18
18329,10749
18360,12
18360,14
18360,28
18360,35
18360,10751
18405,18
18405,27
18405,53
18405,80
18491,14
18491,16
18491,18
18491,878
18501,28
18501,53
18501,878
18707,28
18707,35
18785,35
18823,12
18823,14
18823,28
18860,12
18860,28
18881,16
18881,28
18881,53
19173,18
19173,10749
19186,35
19186,10749
19186,10751
19404,18
19404,35
19404,10749
19585,12
19585,14
19585,28
19585,35
19585,10751
19898,27
19898,28
19898,53
19898,878
19898,9648
19908,27
19908,35
19912,27
19912,9648
19913,18
19913,35
19913,10749
19959,28
19959,53
19959,878
19994,27
19994,35
19995,12
19995,28
19995,878
20352,16
20352,35
20352,80
20352,878
20352,10751
20453,18
20453,35
20504,28
20504,53
20504,878
20526,12
20526,28
20526,878
20662,12
20662,18
20662,28
20662,36
20677,12
20677,16
20677,18
20677,80
20677,9648
20766,12
20766,18
20943,35
20943,10749
20982,14
20982,16
20982,28
21191,18
21191,28
21191,53
21191,80
21208,27
21208,53
21407,27
21407,53
21422,12
21422,16
21422,80
21422,9648
21452,12
21452,16
21452,80
21452,9648
21484,27
21519,12
21519,28
21519,35
21835,12
21835,14
21835,18
21835,28
21835,35
21835,10749
22244,27
22244,35
22244,9648
22377,18
22377,10752
22538,28
22538,35
22538,10749
22582,16
22582,35
22582,10402
22582,10751
22794,16
22794,35
22794,10751
22803,18
22803,53
22803,80
22804,27
22804,53
22824,53
22824,878
22824,9648
22832,12
22832,28
22832,53
22881,18
22894,14
22894,27
22894,28
22947,18
22947,10749
22970,27
22970,35
22970,9648
22971,18
22971,10749
22971,10752
23048,12
23048,35
23048,878
23168,18
23168,53
23168,80
23169,18
23169,10749
23172,28
23172,35
23172,10751
23398,14
23398,16
23398,35
23398,10402
23398,10751
23437,27
23437,53
23437,9648
23446,12
23446,16
23446,28
23483,28
23483,80
23629,14
23629,28
23629,53
23827,27
23827,9648
24021,12
24021,14
24021,18
24021,10749
24128,99
24128,10402
24402,18
24402,10749
24420,14
24420,18
24420,10749
24428,12
24428,28
24428,878
24961,12
24961,14
24961,10751
25095,18
25095,10749
25188,18
25188,10749
25195,35
25195,10749
25221,18
25221,35
25221,10402
25221,10752
25237,18
25237,10752
25538,18
25875,27
25875,878
25875,9648
26022,18
26022,10749
26389,28
26389,53
26389,80
26466,27
26505,12
26505,14
26505,16
26505,10751
26662,12
26662,16
26662,80
26662,878
26662,9648
26877,28
26877,53
26877,80
26973,18
27022,12
27022,14
27022,28
27066,18
27066,10749
27098,18
27098,10749
27098,10752
27154,18
27154,10749
27205,12
27205,28
27205,878
27324,27
27324,53
27324,9648
27418,12
27418,18
27418,28
27418,53
27418,80
27576,28
27576,53
27576,9648
27578,12
27578,28
27578,53
27579,18
27579,53
27579,80
27581,28
27581,35
27582,28
27582,53
27582,80
27945,37
28178,18
28178,10751
28211,18
28211,53
28211,9648
28355,27
28355,53
28355,9648
28468,18
28468,10749
28609,14
28609,16
28609,28
28764,16
28764,53
28764,80
28764,9648
28808,12
28808,16
28808,18
28808,80
28808,9648
28874,16
28874,878
29259,18
29259,53
29259,80
30018,18
30018,80
30018,9648
30112,18
30112,10749
30421,14
30421,28
30497,27
30709,18
30709,35
31011,18
31011,878
31011,10749
31439,18
31439,10749
31439,10752
32657,12
32657,14
32657,10751
32856,35
32856,10749
33217,35
33217,10751
33320,16
33320,18
33320,10749
33542,28
33542,35
33542,53
33542,80
34016,35
34016,10749
34544,28
34544,35
34544,80
34584,12
34584,14
34584,18
34584,10751
34813,12
34813,28
34813,53
34813,80
34813,9648
34851,28
34851,53
34851,878
35019,14
35019,35
35019,10751
35102,18
35102,35
35102,10749
35739,28
35739,53
36095,27
36095,53
36095,80
36095,9648
36419,18
36419,27
36419,53
36419,9648
36557,12
36557,28
36557,53
36586,14
36586,27
36586,28
36586,53
36593,35
36593,80
36643,12
36643,28
36643,53
36647,27
36647,28
36648,27
36648,28
36648,878
36669,12
36669,28
36669,53
36670,12
36670,28
36670,53
36685,27
36685,35
36685,878
36955,28
36955,53
37056,18
37056,35
37056,10749
37094,18
37094,53
37094,80
37135,12
37135,16
37135,10751
37136,35
37136,80
37137,35
37137,80
37165,18
37165,35
37169,27
37185,18
37185,10749
37233,18
37233,53
37233,9648
37247,18
37247,35
37247,10749
37257,18
37257,80
37257,9648
37265,18
37265,35
37280,12
37280,16
37280,35
37430,12
37430,14
37430,28
37686,53
37686,878
37686,9648
37707,27
37707,878
37724,12
37724,28
37724,53
37735,35
37786,18
37786,35
37786,10749
37797,16
37797,18
37797,10751
37799,18
37821,28
37821,35
37821,53
37821,10749
37834,28
37834,35
37933,12
37933,14
37933,16
37958,14
37958,18
37958,28
38050,53
38050,878
38050,10749
38055,16
38055,28
38055,35
38055,878
38055,10751
38142,16
38142,18
38142,10749
38167,18
38167,10749
38199,18
38199,53
38234,18
38234,28
38234,53
38234,80
38321,14
38321,27
38321,28
38322,28
38322,35
38322,80
38365,35
38575,12
38575,18
38575,28
38575,10751
38700,28
38700,53
38700,80
38757,12
38757,16
38757,10751
39202,12
39202,16
39202,9648
39203,12
39203,16
39203,9648
39205,12
39205,16
39205,9648
39207,16
39207,28
39207,80
39207,9648
39254,18
39254,28
39254,878
39451,35
39451,10749
39513,12
39513,35
39513,878
39514,12
39514,28
39514,35
39514,53
39514,80
39538,18
39538,53
39538,878
39691,12
39691,14
39691,28
39691,35
39691,10751
39828,28
39828,80
39857,27
39857,35
39857,80
39863,27
39863,53
40264,14
40264,35
41154,28
41154,35
41154,878
41216,12
41216,14
41216,16
41216,10751
41283,18
41283,28
41283,53
41283,80
41387,28
41387,35
41439,27
41439,80
41446,27
41446,9648
41498,12
41498,14
41498,16
41513,12
41513,14
41513,16
41513,35
41513,10751
41630,35
41630,10749
41733,18
41733,35
42188,18
42188,878
42188,10749
42269,18
42269,35
42297,18
42297,10749
42337,18
42337,10749
42384,14
42384,18
42384,35
42506,18
42506,80
43074,14
43074,28
43074,35
43347,18
43347,35
43347,10749
43593,27
43593,35
43947,27
43947,53
43947,80
43949,18
43949,10749
44048,28
44048,53
44115,12
44115,18
44115,53
44154,12
44154,14
44154,28
44214,18
44214,27
44214,53
44264,12
44264,18
44264,37
44683,12
44683,14
44683,16
44683,10751
44826,12
44826,18
44826,10751
44833,12
44833,28
44833,53
44833,878
44865,18
44865,28
44865,36
44896,12
44896,16
44896,35
44896,37
44896,10751
44912,12
44912,28
44912,878
44935,27
44935,53
44943,28
44943,878
45243,35
45269,18
45269,36
45612,53
45612,878
45612,9648
45772,16
45772,10751
46195,12
46195,16
46195,35
46195,10751
46529,12
46529,28
46529,53
46529,878
46705,18
46705,10749
46738,18
46738,9648
46738,10752
46853,18
47002,18
47002,10749
47327,14
47327,28
47327,53
47327,80
47423,28
47423,35
47423,53
47423,80
47647,28
47647,35
47647,80
47647,9648
47933,12
47933,28
47933,878
47964,28
47964,53
47971,12
47971,28
47971,80
48138,28
48138,53
48138,9648
48650,18
48650,10749
49013,12
49013,16
49013,35
49013,10751
49017,14
49017,27
49017,28
49018,27
49018,53
49021,12
49021,28
49021,53
49026,18
49026,28
49026,53
49026,80
49040,28
49040,53
49046,18
49046,10752
49047,18
49047,53
49047,878
49049,28
49049,878
49051,12
49051,14
49051,28
49444,16
49444,28
49444,35
49444,10751
49517,18
49517,53
49517,9648
49519,12
49519,16
49519,35
49519,10751
49520,35
49521,12
49521,28
49521,878
49524,14
49524,28
49524,35
49529,12
49529,28
49529,878
49530,28
49530,53
49530,878
49730,14
49730,18
49730,27
49730,53
49730,9648
49730,10749
49797,27
49797,53
49849,28
49849,37
49849,53
49849,878
50014,18
50348,18
50348,53
50348,80
50359,16
50359,35
50359,10751
50476,18
50476,10749
50544,35
50544,10749
50546,35
50546,10749
50619,12
50619,14
50619,10749
50620,14
50620,18
50620,10749
50646,18
50646,35
50646,10749
50723,12
50723,16
50723,28
50727,18
50727,35
50727,10749
51533,28
51533,35
51540,35
51540,80
51608,28
51608,53
51608,80
51739,14
51739,16
51739,10751
51828,18
51828,10749
51876,53
51876,878
51876,9648
52212,35
52212,10749
52449,35
52451,12
52451,28
52451,53
53064,16
53064,18
53064,27
53165,28
53165,35
53165,80
53168,18
53168,35
53168,10749
53182,18
53182,28
53182,10752
53932,18
54138,12
54138,28
54138,878
55156,18
55156,35
55157,28
55157,35
55301,14
55301,16
55301,35
55301,10402
55301,10751
55721,35
55721,10749
55779,27
55779,9648
55931,16
55931,878
56288,12
56288,28
56288,35
56288,10751
56292,12
56292,28
56292,53
57100,27
57100,9648
57158,12
57158,14
57158,28
57165,12
57165,14
57165,28
57212,12
57212,18
57212,36
57212,10752
57214,35
57800,12
57800,16
57800,35
57800,10751
58231,35
58233,28
58233,35
58233,80
58574,12
58574,80
58574,9648
58595,12
58595,14
58595,18
59053,18
59108,28
59108,35
59210,18
59210,10749
59436,14
59436,35
59436,10749
59440,18
59440,28
59859,12
59859,28
59859,80
59940,53
59961,28
59961,53
59962,28
59962,35
59962,10749
59965,28
59965,53
59965,9648
59967,28
59967,53
59967,878
60304,14
60304,27
60304,28
60308,18
60898,14
60898,18
60898,27
60935,27
60935,878
60935,9648
61012,27
61012,53
61012,9648
61791,18
61791,28
61791,53
61791,878
62177,12
62177,14
62177,16
62177,10751
62211,16
62211,10751
62213,14
62213,35
62835,18
62835,28
62835,53
62835,80
63311,18
63311,27
63311,53
63311,9648
64328,35
64328,10402
64328,10751
64348,28
64348,35
64348,53
64348,80
64348,878
64348,10749
64635,28
64635,53
64635,878
64682,18
64682,10749
64686,14
64686,18
64686,28
64688,28
64688,35
64688,80
64690,18
64690,53
64690,80
65496,18
65754,53
65754,80
65754,9648
67342,27
67342,28
67342,35
67393,18
67393,27
68507,18
68507,10749
68718,18
68718,37
68721,12
68721,28
68721,878
68724,18
68724,28
68724,53
68724,878
68726,12
68726,28
68726,878
68728,12
68728,14
68728,10751
68730,18
68730,36
68734,18
68734,53
68735,12
68735,14
68735,28
68737,12
68737,14
68817,18
68817,10402
68817,10749
70006,18
70006,28
70160,12
70160,28
70160,53
70160,878
70981,27
70981,878
70981,9648
71552,35
71672,27
71672,53
71676,14
71676,28
71676,53
71859,18
71859,53
72105,14
72105,35
72190,27
72190,28
72190,53
72190,878
72331,14
72331,27
72331,28
72387,28
72387,53
72387,80
72545,12
72545,28
72545,878
72559,12
72559,28
72559,53
72559,878
72570,18
72570,10749
72710,12
72710,28
72710,878
72784,53
72976,18
72976,36
73353,18
73353,10770
73723,16
73723,10751
73861,27
73861,53
73861,80
74018,18
74018,35
74018,10749
74018,10751
74997,18
74997,27
74997,80
75174,12
75174,18
75174,27
75174,28
75174,53
75258,12
75258,14
75258,16
75258,10751
75612,12
75612,28
75612,878
75612,9648
75624,16
75624,27
75624,28
75624,35
75624,53
75624,9648
75656,53
75656,80
75674,28
75674,53
75674,10752
75780,18
75780,28
75780,53
75780,80
76025,18
76163,12
76163,28
76163,53
76203,18
76203,36
76285,12
76285,14
76285,10751
76338,12
76338,14
76338,28
76341,12
76341,28
76341,878
76492,14
76492,16
76492,35
76492,10751
76493,35
76600,12
76600,28
76600,878
76617,27
76617,53
76640,28
76640,53
76640,80
76726,18
76726,53
76726,878
76757,14
76757,28
76757,878
76758,18
76758,36
76758,10752
77016,18
77016,53
77016,80
77174,12
77174,16
77174,35
77174,10751
77338,18
77338,35
77617,16
77617,28
77617,80
77617,9648
77877,18
77877,10749
77883,27
77883,53
77931,14
77931,16
77931,35
77931,10751
77950,16
77950,10751
78192,99
78192,10402
79224,18
79224,28
79224,36
79707,12
79707,14
79707,16
79707,10751
79871,18
79871,35
79871,10749
80274,12
80274,28
80274,878
80278,18
80278,36
80278,53
80321,12
80321,16
80321,35
80321,10751
81005,12
81005,14
81005,18
81005,28
81188,12
81188,14
81188,16
81188,28
81188,10751
81481,18
81774,18
81774,35
82507,27
82507,53
82507,9648
82633,18
82633,37
82633,80
82654,27
82654,35
82654,10749
82675,28
82675,53
82675,80
82690,12
82690,16
82690,35
82690,10751
82693,18
82693,35
82693,10749
82695,18
82695,36
82700,12
82700,28
82700,878
82702,12
82702,14
82702,16
82702,28
82702,10751
82703,12
82703,16
82703,35
82703,878
82703,10751
83389,16
83389,18
83542,18
83542,878
83666,18
83666,35
83666,10749
84308,18
84892,18
86331,18
86331,10749
86834,12
86834,18
86838,35
86838,80
87101,28
87101,53
87101,878
87421,28
87421,53
87421,878
87428,35
87502,18
87516,18
87516,28
87516,53
87516,9648
87818,35
87827,12
87827,18
88751,12
88751,28
88751,35
88751,878
88751,10751
91314,12
91314,28
91314,878
91586,27
91586,53
93456,16
93456,35
93456,10751
93685,18
93685,10749
94047,18
94047,28
94047,36
94047,10752
94329,28
94329,53
94329,80
94365,27
96721,18
96721,28
97020,12
97020,28
97020,53
97020,80
97020,878
97370,18
97370,53
97370,878
97375,16
97375,28
97375,80
97375,9648
97630,18
97630,53
98566,12
98566,28
98566,35
98566,878
98567,12
98567,28
99099,18
99099,27
99861,12
99861,28
99861,878
100042,35
100402,12
100402,28
100402,878
101299,12
101299,28
101299,878
101731,18
101731,35
102382,12
102382,28
102382,878
102651,12
102651,14
102651,28
102651,10749
102651,10751
102899,12
102899,28
102899,878
103663,18
103731,18
105864,12
105864,16
105864,10751
106646,18
106646,35
106646,80
107846,28
107846,53
108450,53
109091,18
109091,53
109091,80
109410,18
109414,28
109414,35
109418,35
109424,18
109424,28
109424,53
109428,27
109431,35
109431,80
109439,35
109445,12
109445,14
109445,16
109445,10751
109451,16
109451,35
109451,10751
109689,18
109689,10749
110415,18
110415,28
110415,878
110420,14
110420,16
110420,18
110420,10751
111190,18
112949,53
112949,10749
114150,35
114150,10402
114150,10749
115290,12
115290,18
115290,10749
115290,10770
116149,12
116149,35
116149,10751
116711,12
116711,14
116711,16
116711,10751
116745,12
116745,14
116745,18
116745,35
117251,18
117251,28
117251,53
117263,28
117263,53
118340,12
118340,28
118340,878
118379,18
118379,35
118451,18
118451,10749
119283,28
119283,80
119450,18
119450,28
119450,53
119450,878
119892,12
119892,14
119892,28
119892,10751
120467,18
120467,35
121602,18
121602,10749
121875,18
121875,35
121875,53
121875,9648
122126,18
122583,16
122583,28
122583,9648
122906,14
122906,18
122906,10749
122917,12
122917,14
122917,28
123553,14
123553,28
123553,9648
124905,18
124905,28
124905,878
125509,27
125509,53
126889,27
126889,878
126963,16
126963,28
126963,878
127380,12
127380,16
127380,10751
127533,12
127533,14
127533,28
127533,36
127533,10752
127585,12
127585,28
127585,878
131631,12
131631,53
131631,878
131634,12
131634,28
131634,878
132232,27
132363,18
134374,28
134374,35
134374,80
134411,28
135397,12
135397,878
136400,28
136400,35
136400,80
136418,28
136418,53
136795,28
136795,35
136795,80
136797,18
136797,28
136797,53
136797,80
136799,12
136799,14
136799,16
136799,35
136799,10402
136799,10751
136835,53
136835,80
137106,12
137106,14
137106,16
137106,35
137106,10751
137113,28
137113,878
137116,12
137116,16
137116,35
137116,10751
137409,28
137409,53
138103,12
138103,28
138103,53
138697,18
138697,35
138697,10749
138832,35
138832,80
138843,27
138843,53
139038,27
139038,35
140300,12
140300,16
140300,28
140300,35
140300,10751
140607,12
140607,28
140607,878
141052,12
141052,28
141052,878
142093,18
142093,10749
143310,18
143310,27
143310,53
146216,28
146216,35
146216,53
146216,80
146233,18
146233,53
146233,80
147441,12
147441,18
147441,28
149870,16
149870,18
149870,36
149870,10749
149871,14
149871,16
149871,18
150540,12
150540,16
150540,18
150540,35
150540,10751
150689,14
150689,18
150689,10749
150689,10751
151960,12
151960,16
151960,35
151960,10751
152532,18
152532,36
152584,18
152584,10749
152601,18
152601,878
152601,10749
153158,12
153158,16
153158,10749
153518,12
153518,16
153518,35
153518,10751
154400,18
154400,80
156022,28
156022,53
156022,80
157336,12
157336,18
157336,878
157350,12
157350,28
157350,878
157353,18
157353,53
157353,878
157353,9648
157354,18
157433,27
157547,27
158015,27
158015,53
158015,878
158852,12
158852,878
158852,9648
158852,10751
159824,14
159824,16
159824,35
159824,10751
160642,12
160642,14
160642,16
160642,35
160642,878
160642,10751
161246,14
161246,18
165213,18
165213,53
165213,80
166424,12
166424,28
166424,878
166426,12
166426,14
166426,28
166428,12
166428,16
166428,10751
166666,18
168259,28
168259,53
168259,80
168672,18
168672,80
169917,18
169917,53
169917,80
169917,9648
170657,12
170657,14
170657,28
170657,35
170687,14
170687,16
170687,35
170687,10751
171274,18
171274,35
171274,9648
172385,12
172385,16
172385,35
172385,10751
173185,35
174341,18
175112,16
175112,10751
175168,27
175168,35
177572,12
177572,16
177572,28
177572,35
177572,10751
177677,12
177677,28
179826,53
179826,9648
180299,28
180299,53
180299,80
181533,12
181533,14
181533,35
181533,10751
181808,12
181808,28
181808,878
181812,12
181812,28
181812,878
181886,53
181886,9648
184314,18
184315,12
184315,28
184345,27
184345,35
187017,28
187017,35
187017,80
187022,18
187022,80
188927,12
188927,28
188927,878
190859,28
190859,10752
192141,28
192141,53
193610,35
193610,10749
193756,18
193756,28
193756,10752
193893,35
194662,18
194662,35
195589,35
196867,18
196867,35
196867,10751
198184,28
198184,80
198184,878
198375,16
198375,18
198375,10749
198663,28
198663,53
198663,878
198663,9648
200085,28
200085,53
200085,878
200727,18
200727,35
200727,10749
201085,18
201085,27
201085,9648
201085,10749
201088,28
201088,53
201088,80
203739,14
203739,28
203739,35
203801,12
203801,28
203801,35
204082,28
204082,53
204922,53
204922,9648
205584,12
205584,14
205584,28
205587,18
205596,18
205596,36
205596,53
205596,10752
206487,53
206487,878
206647,12
206647,28
206647,53
207703,12
207703,28
207703,35
207703,80
207932,28
207932,53
207932,9648
207933,27
207933,53
207933,9648
209112,12
209112,14
209112,28
210577,18
210577,53
210577,9648
211672,12
211672,16
211672,35
211672,10751
212778,35
214756,14
214756,35
216015,18
216015,53
216015,10749
216282,28
216282,53
220289,53
220289,878
221731,12
221731,14
221731,18
221731,28
221732,12
221732,14
221732,28
222935,18
222935,10749
223702,12
223702,14
223702,16
223702,35
225574,28
225574,53
225574,9648
225886,35
227156,18
227156,878
227159,35
227719,53
227719,878
227973,16
227973,35
227973,10751
228150,18
228150,28
228150,10752
228161,14
228161,16
228161,35
228161,878
228161,10751
228165,12
228165,14
228165,16
228165,35
228165,10751
228205,18
228205,10749
228326,14
228326,16
228326,10751
228967,28
228967,35
228970,18
230179,12
230179,28
230179,35
230179,53
232672,35
232672,10749
235704,18
235704,28
235704,53
238615,28
238615,53
238615,878
238636,27
238636,53
238713,28
238713,35
238713,80
240832,28
240832,878
241251,53
241259,12
241259,14
241259,10751
241554,28
241554,53
241554,80
241848,28
241848,53
241848,9648
242582,18
242582,53
242582,80
242828,16
242828,18
242828,10751
244761,18
244761,53
244761,80
244786,18
244786,53
244786,10402
245891,28
245891,53
246403,27
246403,35
246655,14
246655,28
246655,878
249070,28
249070,53
249070,80
249397,18
249397,9648
250546,27
251783,18
251783,53
253376,12
253376,27
253412,12
253412,18
253412,36
254128,18
254128,28
254128,53
254320,18
254320,35
254320,10749
254470,35
254470,10402
254904,28
254904,53
254904,80
255709,18
256040,18
256040,28
256274,27
256274,53
256591,35
256591,80
256591,10749
257088,12
257088,28
257088,53
257088,80
257091,35
257211,35
257344,28
257344,35
257344,878
257445,12
257445,27
257445,35
257512,16
257512,18
257512,28
257512,9648
258230,12
258230,14
258230,10751
258480,18
258480,10749
258489,12
258489,14
258489,28
258509,12
258509,16
258509,35
258509,10402
258509,10751
259072,27
259316,12
259316,14
259693,27
259694,35
259694,10749
260346,28
260346,53
260513,12
260513,16
260513,28
260513,10751
260514,16
260514,18
260514,10751
261023,18
261023,36
261023,80
262500,28
262500,53
262500,878
262504,12
262504,28
262504,878
262504,9648
262543,53
262543,878
263115,18
263115,28
263115,878
263132,35
263472,27
263472,53
263472,80
264644,18
264644,53
264660,18
264660,878
265177,18
265195,18
265195,35
265195,53
265208,28
265208,53
265208,80
265851,18
265851,28
265851,53
266294,35
266647,12
266647,14
266647,28
266647,10751
266856,18
266856,10749
267193,28
267193,35
267860,28
267860,53
267935,12
267935,14
267935,10751
268531,16
268531,28
268531,35
268531,878
268531,10751
268896,12
268896,14
268896,28
268896,878
269149,12
269149,16
269149,35
269149,10751
269955,18
270303,27
270303,9648
270946,12
270946,16
270946,35
270946,10751
271110,12
271110,28
271110,878
271969,12
271969,18
271969,28
271969,36
273248,18
273248,37
273248,9648
273477,27
273477,35
273481,28
273481,53
273481,80
274167,35
274854,12
274854,14
274854,28
274855,28
274855,53
274855,878
274857,14
274857,18
274857,28
274862,12
274862,16
274862,28
274862,35
274862,10751
274870,18
274870,878
274870,10749
276907,53
276907,80
277216,18
277216,36
277216,10402
277217,12
277217,14
277217,10402
277217,10751
277217,10770
278154,12
278154,16
278154,35
278154,878
278154,10751
278924,12
278924,28
278924,53
278924,80
278927,12
278927,14
278927,10751
280092,27
280092,53
280217,12
280217,16
280217,28
280217,35
280217,10751
281338,18
281338,878
281338,10752
281957,12
281957,18
281957,37
282035,12
282035,14
282035,27
282035,28
282035,53
283366,12
283366,14
283366,18
283366,53
283366,10751
283566,16
283566,18
283566,28
283566,878
283995,12
283995,28
283995,878
284052,12
284052,14
284052,28
284053,28
284053,35
284053,878
284054,12
284054,28
284054,878
284536,18
284536,53
284536,80
284552,18
284552,36
286217,12
286217,18
286217,878
286687,18
286687,35
286687,10749
287649,18
287649,53
287649,10749
287947,14
287947,28
287947,35
287948,28
287948,53
287948,80
290098,18
290098,53
290098,10749
290250,28
290250,35
290250,80
290595,12
290595,18
290595,28
290859,12
290859,28
290859,53
290859,878
290864,12
290864,28
290864,53
290864,80
290865,18
290865,80
291805,53
291805,80
291870,35
292431,18
292431,10749
293167,12
293167,14
293167,28
293660,12
293660,28
293660,35
293670,27
293670,9648
293767,18
293767,10752
293863,14
293863,18
293863,10749
294254,12
294254,28
294254,53
294254,878
295830,27
295830,28
295830,878
296096,18
296096,10749
296098,18
296098,53
296099,12
296099,35
296524,18
296524,28
297222,18
297222,35
297222,878
297270,12
297270,16
297270,10751
297608,27
297608,53
297608,9648
297761,12
297761,14
297761,28
297762,12
297762,14
297762,28
297802,12
297802,14
297802,28
298250,27
298250,9648
298312,27
298312,53
298618,12
298618,28
298618,878
299534,12
299534,28
299534,878
299536,12
299536,28
299536,878
299537,12
299537,28
299537,878
299687,12
299687,28
299687,878
299824,12
299824,14
299824,28
300668,27
300668,878
300669,27
300669,53
300669,80
300671,18
300671,28
300671,36
300671,53
300671,10752
301337,18
301337,35
301337,878
301502,18
301528,12
301528,16
301528,35
301528,10751
302699,28
302699,35
302946,18
302946,53
302946,80
303857,16
303857,28
303857,878
303991,18
303991,35
305470,12
305470,28
305470,878
306819,18
307081,18
307081,28
308266,18
308266,35
308266,80
308531,12
308531,28
308531,35
308531,878
308531,10751
309809,12
309809,14
309809,16
309809,10751
310131,27
310307,18
310307,36
311324,12
311324,14
311324,28
312221,18
313297,12
313297,16
313297,10751
313369,18
313369,35
313369,10749
314365,18
314365,36
315011,27
315011,28
315011,878
315162,12
315162,14
315162,16
315162,35
315162,10751
315465,12
315465,14
315465,16
315465,18
315465,28
315465,10751
315837,18
315837,28
315837,878
316029,18
316727,27
316727,28
316727,53
317442,16
317442,28
317442,10749
318256,99
318846,18
318846,35
320288,12
320288,28
320288,878
321258,27
321258,53
321258,9648
321612,14
321612,10749
321612,10751
324552,28
324552,53
324552,80
324668,12
324668,28
324668,53
324670,28
324670,53
324670,878
324786,18
324786,36
324786,10752
324849,16
324849,28
324849,35
324849,10751
324852,12
324852,16
324852,28
324852,35
324852,10751
324857,12
324857,16
324857,28
324857,878
329865,18
329865,878
329865,9648
329996,12
329996,14
329996,10751
330457,12
330457,14
330457,16
330457,35
330457,10751
330459,12
330459,28
330459,878
331482,18
331482,10749
331576,12
331576,18
331576,28
331576,53
331576,80
332210,12
332210,16
332210,35
332210,10751
332562,18
332562,10402
332562,10749
332567,18
332567,27
332567,53
333167,18
333167,36
333167,10749
333339,12
333339,28
333339,878
333371,18
333371,27
333371,53
333371,878
333484,12
333484,28
333484,37
334533,12
334533,18
334541,18
334543,18
335360,12
335360,14
335360,16
335360,10751
335787,12
335787,28
335797,16
335797,35
335797,10402
335797,10751
335977,12
335977,28
335983,28
335983,878
335984,18
335984,878
335988,12
335988,28
335988,878
336843,12
336843,28
336843,53
336843,878
337167,18
337167,10749
337170,18
337170,35
337170,80
337339,28
337339,53
337339,80
337401,12
337401,14
337401,28
337404,35
337404,80
338762,12
338762,28
338762,878
338766,18
338766,37
338766,80
338803,18
338803,36
338803,80
338952,12
338952,14
338953,12
338953,14
338958,14
338958,35
338958,10751
338967,27
338967,35
338970,12
338970,14
338970,28
339403,28
339403,80
339527,53
339527,80
339527,9648
339692,18
339692,53
339692,80
339846,28
339846,35
339846,80
339964,12
339964,28
339964,878
339967,14
339967,18
339967,878
339984,18
339984,10751
340102,27
340102,28
340102,878
340382,27
340382,28
340382,878
340666,18
340666,53
340837,27
340837,878
340837,9648
341013,28
341013,53
341174,18
341174,10749
342473,12
342473,16
342473,35
342473,10751
343611,18
343611,28
343611,53
343611,80
343668,12
343668,28
343668,35
343668,80
343668,878
345887,28
345887,53
345887,80
345911,27
345938,18
345938,10751
345940,27
345940,28
345940,878
346364,18
346364,27
346364,53
346648,12
346648,35
346648,10751
346672,14
346672,27
346672,28
346672,53
346672,878
346685,53
346685,80
346685,9648
346698,12
346698,14
346698,35
346910,28
346910,53
346910,878
347201,12
347201,14
347201,16
347201,28
347201,35
348350,12
348350,28
348350,878
348893,18
348893,28
348893,53
348893,80
350499,12
350499,14
350499,16
350499,28
350499,10751
351286,12
351286,53
351286,878
353069,18
353069,35
353069,10749
353081,12
353081,28
353486,12
353486,14
353486,28
353486,35
353491,14
353491,28
353491,878
354857,12
354857,16
354857,35
354857,878
354912,12
354912,16
354912,10402
354912,10751
355547,12
355547,14
355547,16
355547,35
355547,10751
357096,27
359364,99
359724,18
359724,28
359724,36
359940,18
359940,80
360784,27
360784,53
360920,14
360920,16
360920,35
360920,10751
361292,18
361292,27
361292,9648
361743,18
361743,28
363088,12
363088,28
363088,878
363676,18
363676,36
364689,12
364689,16
364689,35
364689,10751
365045,12
365045,18
365045,10751
369885,18
369885,28
369885,53
369885,10749
369885,10752
369972,18
369972,36
370172,12
370172,28
370172,53
370663,18
370663,10749
371462,18
372058,16
372058,18
372058,10749
372343,27
372343,53
372343,80
372343,9648
372754,16
372754,10749
372962,27
373571,28
373571,878
374205,12
374205,16
374205,28
374205,35
374720,18
374720,28
374720,10752
375262,18
375262,35
375262,36
375588,12
375588,14
375588,28
375588,53
376570,27
376570,53
376659,35
376660,18
376660,35
376867,18
378064,16
378064,18
378064,10749
378236,16
378236,35
378236,10751
379149,28
379149,53
379149,80
379686,12
379686,16
379686,35
379686,878
379686,10751
381283,18
381283,27
381284,18
381284,36
381288,27
381288,53
381289,12
381289,14
381289,18
381289,35
381289,10751
381890,14
381890,35
381890,10749
383498,12
383498,28
383498,35
384018,12
384018,28
384018,35
384345,12
384345,14
384345,16
384345,878
384345,10751
384521,27
384521,878
384521,9648
384680,12
384680,18
384680,36
384680,37
385103,16
385103,35
385103,9648
385103,10751
385128,12
385128,28
385128,80
385687,28
385687,53
385687,80
387426,12
387426,18
387426,878
387848,18
387848,10749
388399,18
388399,28
388399,36
388399,53
388399,80
389015,18
389015,35
390043,28
390043,35
390043,53
390043,80
390062,12
390062,18
390062,53
391713,18
391713,35
391757,18
391757,28
392044,18
392044,80
392044,9648
393345,27
393345,53
394117,18
395834,18
395834,53
395834,80
395834,9648
395990,18
395990,28
395990,53
395990,80
395991,18
395991,36
395992,27
395992,878
395992,9648
396194,36
396194,99
396194,10402
396371,18
396371,80
396422,27
396535,12
396535,27
396535,28
396535,53
397243,27
397243,9648
397567,12
397567,14
397567,18
397567,28
397567,53
398818,18
398818,10749
398978,18
398978,36
398978,80
399055,14
399055,18
399055,10749
399057,18
399057,53
399057,9648
399170,18
399170,28
399170,35
399170,80
399174,12
399174,16
399174,35
399360,12
399360,18
399361,12
399361,28
399361,53
399361,80
399366,27
399366,53
399366,9648
399402,12
399402,28
399402,53
399404,18
399404,36
399566,12
399566,28
399566,878
399579,12
399579,28
399579,878
400106,14
400106,28
400106,53
400155,14
400155,16
400155,35
400155,10751
400157,12
400157,14
400157,16
400157,35
400157,10751
400160,12
400160,14
400160,16
400160,35
400160,10751
400535,28
400535,53
400535,80
400617,18
400617,10749
400928,18
400928,35
401469,18
401469,53
401469,80
401478,28
401478,53
401478,878
401981,53
401981,9648
402431,14
402431,18
402431,10749
402900,28
402900,35
402900,80
404368,12
404368,16
404368,28
404368,35
404368,878
404368,10751
405774,18
405774,27
405774,53
406563,27
406563,53
406759,12
406759,28
406759,878
406990,28
406990,53
406990,878
406990,9648
406997,18
406997,10751
407436,12
407436,18
407451,12
407451,14
407451,878
407451,10751
408270,18
408270,10749
408866,28
408866,80
411088,18
411088,53
411088,9648
412117,12
412117,16
412117,35
412117,10751
412656,12
412656,14
412656,878
414419,28
414419,80
414906,53
414906,80
414906,9648
415842,12
415842,28
415842,53
416148,99
417261,18
417261,10749
417320,12
417320,14
417320,10402
417320,10751
417320,10770
419430,27
419430,53
419430,9648
419479,27
419479,35
419743,18
419743,10749
420634,27
420707,27
420707,53
420809,12
420809,14
420809,10751
420817,12
420817,14
420817,10749
420817,10751
420818,12
420818,16
420818,18
420818,10751
420821,12
420821,16
420821,35
420821,9648
420821,10751
423108,27
423108,53
423108,9648
423204,28
423204,53
424139,27
424139,53
424694,18
424694,10402
424783,12
424783,28
424783,878
425909,12
425909,14
425909,35
426543,12
426543,14
426543,10751
427641,12
427641,28
427641,878
428045,12
428045,14
428045,28
428045,10751
428078,12
428078,878
429197,18
429197,35
429351,18
429351,28
429351,36
429351,10752
429617,12
429617,28
429617,878
431580,12
431580,14
431580,16
431580,35
431580,10751
431693,12
431693,16
431693,28
431693,35
431693,10751
431819,14
431819,16
431819,18
431819,10749
432991,18
432991,53
433498,12
433498,18
433498,80
433808,27
433808,9648
434203,18
434203,10749
434555,18
434555,27
435901,18
435901,53
435901,10749
436270,12
436270,28
436270,878
436969,12
436969,28
436969,35
437068,18
437068,28
437068,36
437543,12
437543,14
437543,28
437543,10751
438148,12
438148,16
438148,35
438148,80
438148,878
438148,10751
438631,12
438631,878
438695,16
438695,35
438695,10402
438695,10751
438798,28
438798,80
439079,27
440249,99
440471,28
440471,53
440471,80
440471,878
440471,9648
441130,12
441130,14
441130,16
441130,10751
441701,27
442062,14
442062,27
442062,35
442062,10751
442249,27
442249,28
442249,53
443791,12
443791,27
443791,28
443791,878
445571,35
445571,80
445571,9648
446354,18
446354,36
446807,28
446807,53
446807,80
446893,12
446893,14
446893,16
446893,35
446893,10402
446893,10751
447277,12
447277,14
447277,10749
447277,10751
447332,18
447332,27
447332,878
447365,12
447365,28
447365,878
447404,12
447404,14
447404,28
448119,12
448119,14
448119,35
448119,10751
449176,18
449176,35
449176,10749
449443,28
449443,53
449443,80
449985,28
449985,53
449992,28
449992,53
449992,80
450001,18
450001,28
450001,80
450465,18
450465,53
450465,878
451048,12
451048,14
451048,28
452832,18
452832,53
452832,9648
453395,12
453395,14
453395,28
453405,12
453405,18
453405,28
453405,53
453405,878
454527,18
454527,36
454527,10749
454619,35
454619,10749
454626,28
454626,35
454626,878
454626,10751
454640,12
454640,16
454640,35
454640,10751
454983,35
454983,10749
455207,35
455207,10749
455839,12
455839,878
455980,28
455980,35
456740,12
456740,14
456740,27
456740,28
458156,28
458156,53
458156,80
458220,18
458305,27
458305,878
458305,9648
458423,35
458423,10749
458576,12
458576,14
458576,28
458723,27
458723,9648
458897,12
458897,28
458897,35
459151,12
459151,16
459151,35
459151,10751
460458,27
460458,28
460458,878
460465,12
460465,14
460465,28
460555,12
460555,28
460555,53
460555,10752
463272,12
463272,28
463272,35
464052,12
464052,14
464052,28
464889,28
466272,18
466272,35
466272,53
466282,35
466282,10749
466420,18
466420,36
466420,80
467938,18
467938,27
467938,28
467938,53
473033,18
473033,53
473033,80
473920,12
473920,28
473920,35
473920,53
473920,80
474350,18
474350,27
474350,53
475557,18
475557,53
475557,80
476292,14
476292,16
476292,18
476669,12
476669,28
476669,53
479455,12
479455,28
479455,35
479455,878
479718,28
479718,53
479718,80
480414,27
480530,18
480530,28
481084,14
481084,16
481084,35
481084,10751
481848,12
481848,18
481848,10751
482321,16
482321,35
482321,878
482321,10751
482373,27
482373,53
483906,18
483906,28
483906,80
484247,35
484247,53
484247,9648
484468,12
484468,28
484468,53
484641,12
484641,28
484641,53
484718,35
487558,18
487558,35
487558,36
487558,80
487616,18
487616,36
488623,53
488623,80
488623,9648
489999,18
489999,53
489999,9648
490132,18
490132,35
490132,36
491418,18
491418,35
491480,18
491480,36
491584,18
491584,53
491584,9648
492188,18
493416,12
493416,14
493416,28
493529,12
493529,14
493529,35
493922,27
493922,53
493922,9648
495764,28
495764,80
496243,18
496243,35
496243,53
497582,12
497582,80
497582,9648
497698,12
497698,28
497698,878
497828,18
497828,35
499191,18
499701,12
499701,35
499701,10751
499726,35
499726,10749
499932,18
499932,53
499932,80
500664,28
500664,53
500664,878
501170,14
501170,27
501929,12
501929,16
501929,35
502356,12
502356,14
502356,16
502356,35
502356,10751
502416,27
502416,53
503736,27
503736,28
503736,80
503919,14
503919,18
503919,53
504056,18
504056,28
504056,35
504172,18
504172,80
504253,16
504253,18
504253,10749
504608,18
504608,10402
504949,18
504949,36
504949,10752
505026,53
505026,80
505026,9648
505192,18
505192,53
505192,80
505262,12
505262,14
505262,16
505262,28
505642,12
505642,28
505642,878
506574,12
506574,14
506574,10402
506574,10751
506574,10770
506763,12
506763,14
506763,28
506763,9648
507086,12
507086,53
507086,878
508439,12
508439,14
508439,16
508439,35
508439,10751
508442,14
508442,16
508442,18
508442,10402
508442,10751
508642,27
508642,9648
508883,14
508883,16
508883,18
508935,18
508935,28
508935,36
508935,10752
508943,14
508943,16
508943,18
508943,35
508943,10751
508947,14
508947,16
508947,35
508947,10751
508965,16
508965,35
508965,10751
509967,28
509967,35
509967,53
511987,27
511987,53
512195,28
512195,35
512195,80
512200,12
512200,14
512200,35
513310,28
513310,53
513310,878
513691,28
513691,35
514207,18
514207,28
514207,878
514593,27
514593,53
514847,27
514847,28
514847,53
514999,35
514999,9648
515001,18
515001,35
515001,10752
516486,18
516486,28
516486,10752
516632,27
516632,9648
517814,18
518068,12
518068,14
518068,28
518068,53
519465,18
520763,27
520763,53
520763,878
521029,27
522016,12
522016,28
522016,53
522162,28
522162,36
522162,10752
522402,12
522402,18
522402,878
522518,12
522518,18
522518,10751
522627,28
522627,35
522627,80
522681,27
522681,53
522681,9648
522931,28
522931,35
522931,53
522931,80
522938,18
522938,28
522938,53
524047,12
524047,28
524047,53
524047,878
524434,12
524434,28
524434,878
525661,18
526896,14
526896,28
526896,878
527641,18
527641,10749
527774,12
527774,14
527774,16
527774,28
527774,10751
529203,12
529203,14
529203,16
529203,35
529203,10751
529216,14
529216,18
529216,53
529216,9648
530254,28
530254,878
530385,18
530385,27
530385,9648
530915,18
530915,36
530915,10752
531219,14
531219,27
531219,35
531219,10751
531309,27
531309,878
531428,18
531428,10749
532067,12
532067,14
532067,16
532067,35
532639,12
532639,14
532639,10751
532814,27
532814,53
532814,10770
533444,18
533444,10749
533514,14
533514,16
533514,18
533514,10749
535167,18
535167,28
535167,878
536437,53
536437,878
536437,9648
536554,27
536554,878
537915,18
537915,10749
537996,18
537996,35
537996,37
539681,12
539681,16
539681,35
539681,878
539681,10751
539885,28
539885,53
539885,80
540901,18
540901,35
540901,80
542178,18
542178,35
543540,35
543540,10749
543753,18
545609,28
545609,53
545611,12
545611,28
545611,878
546554,35
546554,80
546554,9648
547016,14
547016,28
549514,18
549514,53
550205,12
550205,14
550205,16
550205,35
550205,10749
550205,10751
550988,12
550988,35
550988,878
552178,18
552178,53
553512,99
553512,10402
554761,18
555604,12
555604,14
555604,16
555604,18
556574,18
556574,36
556678,18
556678,35
556678,10749
556694,14
556694,18
556694,10749
559907,12
559907,14
559907,18
559969,18
559969,53
559969,80
560057,12
560057,14
560057,16
560057,28
560057,10751
566525,12
566525,14
566525,28
567189,28
567189,53
567189,10752
567609,27
567609,35
567748,18
567748,53
568091,18
568091,53
568124,14
568124,16
568124,35
568124,10751
568160,14
568160,16
568160,18
568160,10749
568300,99
568300,10402
568620,12
568620,28
569094,12
569094,16
569094,28
569094,878
570670,27
570670,53
570670,878
572154,14
572154,16
572154,18
572154,10749
575264,12
575264,28
575264,53
575299,18
575813,18
575813,80
575813,10749
576784,12
576784,14
576845,27
576845,9648
577922,28
577922,53
577922,878
578701,28
578701,53
579047,53
579047,878
579047,9648
579974,12
579974,18
579974,28
580175,18
580175,35
580489,12
580489,28
580489,878
581387,12
581387,28
581387,53
581392,12
581392,27
581392,28
581392,53
581528,28
581528,53
581528,80
581644,28
581644,53
581726,12
581726,28
581726,878
582014,18
582014,53
582014,80
583083,35
583083,10749
585083,12
585083,14
585083,16
585083,35
585083,10751
585216,27
585216,53
585216,9648
585245,12
585245,14
585245,35
585245,10751
585511,12
585511,14
585511,16
585511,35
585511,10751
587792,35
587792,878
587792,10749
587807,16
587807,35
587807,10751
588228,12
588228,28
588228,878
589761,18
589761,28
589761,36
590223,12
590223,14
590223,35
590223,878
591273,18
591273,27
591273,9648
591274,18
591274,27
591274,9648
592350,12
592350,14
592350,16
592350,28
592695,18
593643,27
593643,35
593910,14
593910,35
593910,10749
594767,14
594767,28
594767,35
597208,18
597208,53
597208,80
599975,27
599975,53
600354,18
601666,18
601666,35
601666,53
601666,80
601796,12
601796,14
601796,28
601796,878
602063,12
602063,18
602063,28
602063,36
602223,27
602223,28
602223,53
602269,18
602269,53
602269,80
602734,27
602734,9648
603661,18
603661,35
603661,10749
603692,28
603692,53
603692,80
604822,12
604822,28
604822,35
604822,53
604822,80
606856,12
606856,10751
610150,16
610150,28
610150,878
610253,27
611291,99
611291,10402
613504,18
613504,10749
613868,18
613868,35
613868,10749
614479,27
614479,53
614696,27
614696,28
614696,878
614934,18
614934,36
614934,10402
615173,28
615173,53
615173,878
615173,9648
615453,12
615453,14
615453,16
615457,28
615457,53
615643,18
615677,14
615677,28
615677,35
615677,10751
615777,18
615777,35
616037,14
616037,28
616037,35
616651,18
616651,53
616651,80
617653,18
617653,28
617653,36
617653,53
618344,12
618344,14
618344,16
618344,28
619264,18
619264,53
619264,878
619730,53
619730,878
619730,9648
619778,27
619778,9648
619803,12
619803,28
619803,53
619803,80
619979,18
619979,53
619979,9648
620249,14
620249,16
620249,28
623491,27
623491,35
624860,12
624860,28
624860,878
625450,18
625450,35
625450,10749
625976,18
625976,10749
626332,18
626332,36
627725,18
628900,28
628900,53
629176,28
629176,80
629176,878
629542,16
629542,28
629542,35
629542,80
629542,10751
630004,18
630004,28
630004,53
630566,18
630566,10402
630566,10749
630586,27
630586,53
631843,27
631843,53
631843,9648
632727,18
632727,27
632727,80
633604,27
633604,35
634429,28
634429,878
634528,18
634528,28
634528,53
634649,12
634649,28
634649,878
635302,14
635302,16
635302,28
637649,18
637649,53
637649,80
637920,18
638507,12
638507,14
638507,16
638507,10751
638597,35
638597,10751
639933,12
639933,14
639933,28
640146,12
640146,28
640146,878
642885,14
642885,35
643215,12
643215,14
643215,35
643215,10751
644495,18
644495,36
644495,80
644583,18
644583,53
645710,53
645788,28
645788,53
645788,80
645886,18
645886,80
646207,28
646207,53
646380,18
646380,35
646380,878
646385,27
646385,9648
646389,12
646389,28
646389,53
648579,28
648579,35
648579,80
652837,16
652837,18
652837,10749
660120,18
660120,35
660120,10749
661374,35
661374,80
661374,9648
662638,16
662638,28
662638,53
662638,80
662638,9648
662638,10749
662707,12
662707,28
663558,14
663558,16
663558,28
663712,27
664280,18
664280,99
664413,18
664413,10749
664469,18
664469,35
664469,9648
664767,14
664767,16
664767,28
666277,18
666277,10749
667520,14
667520,16
667520,18
667520,10749
667538,12
667538,28
667538,878
671043,35
672322,12
672322,18
672322,28
672322,10749
674324,18
674324,35
675353,12
675353,28
675353,35
675353,10751
675445,12
675445,16
675445,28
675445,35
675445,10751
677179,18
677179,28
677638,12
677638,16
677638,35
677638,10751
677638,10770
678512,18
678512,28
682110,99
682507,18
682507,9648
682507,10749
685274,16
685274,18
685274,28
685274,878
696806,12
696806,35
696806,878
697843,28
697843,53
697843,80
698508,18
698508,37
698508,10749
698948,18
698948,36
698948,53
700391,12
700391,28
700391,878
705861,18
705861,35
705996,53
705996,9648
705996,10749
709631,27
710356,18
710356,10749
713704,27
713704,53
715931,18
715931,36
715931,10752
717930,28
717930,53
717930,10752
718789,12
718789,16
718789,878
718789,10751
718930,28
718930,35
718930,53
719410,18
719410,10749
724495,18
724495,28
724495,36
724495,10752
725201,28
725201,53
726759,18
726759,36
726759,53
727340,18
727340,28
727340,9648
739405,12
739405,28
739405,35
739405,53
740985,35
744275,18
744275,10749
744276,18
744276,10749
744746,27
744746,9648
745881,27
745881,9648
747059,16
747059,35
747059,10751
747188,18
747188,35
752623,12
752623,28
752623,35
755566,14
755566,27
755566,28
755566,35
755566,53
756999,27
756999,53
758009,28
758009,35
758009,10749
758323,27
758323,53
758330,18
758330,10749
758336,18
758336,35
758336,10749
758866,18
760104,27
760161,27
760161,53
760741,12
760741,27
760741,28
760741,53
762504,27
762504,878
762975,18
762975,10749
763164,28
763164,53
763164,878
763285,18
763285,28
763285,53
763285,80
766507,28
766507,53
766507,878
768362,18
768362,53
768362,9648
774752,12
774752,35
774752,878
774825,12
774825,16
774825,35
774825,10751
776305,16
776305,18
776305,878
776305,10402
776503,18
776503,10402
776503,10749
776797,27
776797,53
779782,12
779782,14
779782,35
780609,14
780609,27
780609,53
785084,18
787752,27
787752,53
791155,12
791155,28
791155,35
791155,878
791155,10751
791177,18
791177,27
791177,10749
791373,12
791373,14
791373,28
796185,12
796185,18
796185,28
796185,36
796499,28
796499,35
796499,80
798286,12
798286,14
798286,35
799379,27
799379,28
799379,53
799379,80
799876,18
799876,53
799876,80
799876,9648
801335,53
801335,80
801335,10770
804095,18
804150,35
804150,53
804150,80
808430,18
808430,10749
810693,14
810693,16
810693,28
811634,14
811634,16
811634,28
811634,10751
812225,12
812225,14
812225,16
812225,28
814338,18
814338,10749
817758,18
817758,10402
818397,28
818397,53
818397,80
818647,18
818647,35
818647,10749
820067,16
820067,35
820067,10749
823625,12
823625,28
823625,53
829280,12
829280,80
829280,9648
829557,18
829557,10749
829560,18
829560,10749
836225,14
836225,18
836225,27
836225,80
840326,28
840326,53
840326,10752
841755,14
841755,16
841755,28
842675,12
842675,28
842675,878
851644,18
851644,10749
864370,27
868759,28
868759,35
868759,10749
872585,18
872585,36
876792,12
876792,14
876792,16
877269,12
877269,14
877269,16
877269,878
877269,10751
877703,14
877703,28
877703,10770
877957,12
877957,14
877957,16
878361,18
878361,36
882569,28
882569,53
882569,10752
882598,27
882598,9648
884605,35
884605,10749
894205,14
894205,27
894205,28
899082,99
899112,14
899112,28
899112,35
899112,53
899294,27
899294,53
899294,80
900667,12
900667,14
900667,16
900667,28
901563,18
913290,27
913290,9648
916192,14
916192,16
916192,18
916192,878
916192,10749
916224,12
916224,14
916224,16
916224,18
928358,18
929170,35
931102,18
931102,28
931102,35
934433,27
934433,53
934433,80
937278,18
937278,35
938008,28
938008,53
938008,80
949423,27
950891,18
955555,28
955555,35
955555,53
955555,80
961323,12
961323,14
961323,16
961323,878
961323,10751
964819,18
964980,18
964980,36
965150,18
966220,18
966220,28
966220,10752
976573,14
976573,16
976573,35
976573,10749
976573,10751
985939,53
995133,12
995133,16
995133,18
995133,10751
997265,18
1001835,53
1001835,878
1001835,9648
1007401,14
1007401,16
1007401,28
1008042,27
1010581,18
1010581,53
1010581,10749
1015606,99
1022256,99
1022256,10402
1040148,14
1040148,16
1040148,35
1040148,10751
1050035,18
1050035,53
1050035,9648
1087040,99
