movie_id,movielens_avg_rating,movielens_rating_count,cinemate_rating_sum,cinemate_review_count,user_tag_count
5,3.42,6688,0,0,256
11,4.09,97202,0,0,11152
12,3.82,48124,0,0,1051
13,4.07,113581,0,0,4880
14,4.10,69902,0,0,3553
15,4.07,24159,0,0,1149
18,3.78,42155,0,0,2814
19,3.97,7702,0,0,364
22,3.78,50868,0,0,1763
24,3.86,46973,0,0,3039
25,3.45,5197,0,0,233
27,2.85,462,0,0,217
28,4.12,34020,0,0,1501
33,3.99,18381,0,0,538
35,3.39,12906,0,0,517
38,4.07,46292,0,0,4680
58,3.47,22235,0,0,675
59,3.65,6618,0,0,599
62,4.00,37113,0,0,3194
63,3.90,59730,0,0,2672
65,3.34,10332,0,0,453
68,4.01,19441,0,0,1870
69,3.77,11799,0,0,479
70,3.82,19036,0,0,1217
73,4.13,41055,0,0,1592
74,3.16,14182,0,0,747
75,2.98,21734,0,0,514
76,3.94,8835,0,0,1196
77,4.14,55649,0,0,4675
78,4.11,47695,0,0,3929
79,3.89,10024,0,0,531
80,4.01,6600,0,0,787
81,4.11,7596,0,0,1001
82,2.95,1929,0,0,55
85,4.10,75248,0,0,2000
87,3.70,30436,0,0,851
88,3.27,15429,0,0,398
89,3.98,48979,0,0,1400
90,3.57,14583,0,0,225
95,3.01,29264,0,0,818
96,3.13,5741,0,0,49
97,3.32,13172,0,0,498
98,3.97,60749,0,0,2125
101,4.10,43539,0,0,1930
103,4.08,39051,0,0,2212
104,3.96,23202,0,0,1103
105,3.96,67777,0,0,2181
106,3.67,21307,0,0,928
107,4.07,33628,0,0,2002
111,3.94,19997,0,0,1093
114,3.44,40755,0,0,530
115,3.99,37746,0,0,2783
116,3.72,6094,0,0,458
117,3.87,19958,0,0,783
118,3.13,17637,0,0,521
120,4.10,79940,0,0,3520
121,4.08,73687,0,0,2276
122,4.11,75512,0,0,2956
128,4.17,18226,0,0,1687
129,4.23,35375,0,0,3686
134,3.87,30754,0,0,1162
136,3.76,1786,0,0,340
137,3.90,47956,0,0,2272
141,3.94,36667,0,0,4083
142,3.60,10499,0,0,1242
146,3.84,35090,0,0,765
149,3.93,12122,0,0,1491
150,3.49,5078,0,0,65
153,3.80,27091,0,0,1885
155,4.19,65349,0,0,3806
161,3.82,42340,0,0,1705
162,3.72,29898,0,0,1456
163,3.34,13700,0,0,630
164,3.81,13703,0,0,435
165,3.58,29684,0,0,935
167,3.54,10560,0,0,306
168,3.47,16043,0,0,452
169,2.90,7270,0,0,134
170,3.77,21948,0,0,1413
173,3.51,7352,0,0,68
175,3.83,2152,0,0,69
176,3.29,13133,0,0,1050
180,3.70,40414,0,0,1452
184,3.70,15878,0,0,501
185,3.98,38195,0,0,2973
186,3.84,11918,0,0,665
187,3.76,28782,0,0,1993
189,3.20,2069,0,0,141
192,3.87,6648,0,0,306
194,4.09,45749,0,0,4139
196,3.36,28062,0,0,458
197,4.00,75514,0,0,1395
207,3.94,32558,0,0,1569
213,4.19,21883,0,0,471
214,2.76,3676,0,0,65
215,2.93,5683,0,0,188
217,2.88,11506,0,0,674
218,3.90,48672,0,0,1664
227,3.59,4293,0,0,366
231,3.53,4427,0,0,365
235,3.99,28316,0,0,1022
238,4.33,75004,0,0,3002
239,4.03,15012,0,0,868
240,4.27,47271,0,0,1281
241,3.26,27802,0,0,581
242,3.45,14446,0,0,544
244,3.48,8592,0,0,182
246,3.76,2253,0,0,137
251,3.45,33608,0,0,313
252,3.71,35707,0,0,710
253,3.49,6294,0,0,352
254,3.19,11237,0,0,418
262,3.87,2857,0,0,301
268,3.39,56330,0,0,594
272,3.92,43300,0,0,1451
274,4.15,101802,0,0,4628
275,4.12,61977,0,0,2052
277,3.37,8826,0,0,559
278,4.42,122296,0,0,6839
279,4.07,26190,0,0,680
280,3.96,71820,0,0,2338
284,4.02,7320,0,0,224
285,3.40,15945,0,0,547
288,4.02,6162,0,0,188
289,4.20,34813,0,0,1000
293,3.68,6834,0,0,95
296,3.05,14994,0,0,675
297,3.36,7715,0,0,268
298,3.53,10718,0,0,335
301,3.86,1796,0,0,76
310,3.23,20691,0,0,586
311,3.98,6131,0,0,558
314,1.81,3021,0,0,383
319,3.81,18609,0,0,531
320,3.49,9827,0,0,364
322,3.82,15183,0,0,1013
326,2.49,3150,0,0,126
329,3.69,83026,0,0,1911
334,3.88,16277,0,0,838
335,4.11,7426,0,0,785
345,3.31,21482,0,0,1213
346,4.25,17120,0,0,978
348,4.07,46572,0,0,2806
350,3.52,12787,0,0,589
364,3.14,16558,0,0,370
377,3.31,10874,0,0,748
378,3.86,18764,0,0,473
380,3.91,36557,0,0,813
387,4.11,17052,0,0,963
388,3.90,11879,0,0,780
389,4.27,22730,0,0,1986
391,3.94,9452,0,0,354
392,3.67,15832,0,0,398
393,3.83,38553,0,0,1715
395,2.64,6384,0,0,215
402,3.37,14218,0,0,727
406,4.01,3623,0,0,416
408,3.57,21907,0,0,763
409,3.63,18689,0,0,278
411,3.39,17042,0,0,883
414,2.89,40052,0,0,700
415,2.19,12649,0,0,568
421,3.72,10751,0,0,1177
423,4.06,23807,0,0,1155
424,4.24,84232,0,0,2811
425,3.53,24772,0,0,544
426,4.12,20775,0,0,704
429,4.13,23823,0,0,1324
433,3.72,18534,0,0,278
435,3.07,14798,0,0,729
440,2.43,2759,0,0,110
451,3.66,25450,0,0,405
453,3.97,43013,0,0,2429
454,3.54,13352,0,0,356
462,3.59,22838,0,0,563
470,3.68,8741,0,0,393
479,2.96,5482,0,0,50
483,3.68,2576,0,0,239
489,4.11,54980,0,0,2895
490,4.08,6867,0,0,713
492,3.93,37775,0,0,1796
496,3.42,20261,0,0,1015
497,4.04,41222,0,0,1752
500,4.09,45318,0,0,2373
503,2.73,1414,0,0,83
504,3.61,5365,0,0,557
508,3.70,18878,0,0,1694
509,3.48,18535,0,0,533
510,4.21,49316,0,0,1608
524,3.83,23932,0,0,999
525,3.80,25280,0,0,596
533,3.67,7579,0,0,222
534,3.07,5939,0,0,776
539,4.06,28016,0,0,1076
544,3.52,31185,0,0,426
548,4.11,6198,0,0,402
550,4.24,86207,0,0,7459
553,3.86,4989,0,0,828
557,3.48,39737,0,0,1034
558,3.45,27683,0,0,889
559,2.88,11784,0,0,897
561,3.49,11595,0,0,859
562,3.94,47472,0,0,1647
563,3.32,22028,0,0,1061
564,3.23,24327,0,0,799
565,3.34,16686,0,0,472
567,4.22,26064,0,0,1150
568,3.89,62521,0,0,1135
571,3.72,14930,0,0,266
578,3.78,30124,0,0,673
581,3.74,53377,0,0,464
582,4.20,12626,0,0,1282
583,3.98,28801,0,0,1148
585,3.84,48441,0,0,962
587,3.80,22715,0,0,2083
588,3.25,3885,0,0,268
590,3.68,5448,0,0,347
591,3.18,13576,0,0,808
593,3.88,3705,0,0,625
594,3.62,14224,0,0,774
595,4.14,19720,0,0,483
597,3.43,50706,0,0,1461
598,4.18,27209,0,0,1331
599,4.19,9627,0,0,442
600,4.05,33265,0,0,939
601,3.74,43868,0,0,799
602,3.40,63687,0,0,1014
603,4.16,107056,0,0,7593
604,3.38,30788,0,0,1236
605,3.24,24470,0,0,1084
607,3.60,49951,0,0,1068
608,3.04,19334,0,0,459
609,3.50,12413,0,0,185
612,3.72,7719,0,0,389
613,4.00,7504,0,0,514
615,3.14,5613,0,0,546
616,3.67,20815,0,0,756
617,3.20,9617,0,0,232
619,2.83,7963,0,0,64
620,3.76,39535,0,0,939
621,3.31,20614,0,0,299
622,3.26,5035,0,0,331
624,3.69,6853,0,0,481
627,4.01,36950,0,0,1724
628,3.51,33364,0,0,660
629,4.27,72893,0,0,2780
630,3.92,30354,0,0,567
634,3.38,19588,0,0,633
635,3.57,3465,0,0,648
637,4.16,32435,0,0,1083
638,3.74,6080,0,0,635
639,3.84,28705,0,0,657
640,3.96,39714,0,0,2137
641,3.99,30402,0,0,3132
642,4.03,18982,0,0,250
644,3.29,17760,0,0,909
646,3.67,9694,0,0,527
650,3.77,4856,0,0,126
651,3.86,14568,0,0,138
652,3.38,14592,0,0,785
653,3.86,5074,0,0,202
655,3.92,3459,0,0,448
657,3.69,9586,0,0,373
658,3.73,15527,0,0,443
659,3.79,1682,0,0,346
660,3.60,5690,0,0,380
663,2.70,2577,0,0,61
664,3.22,40058,0,0,292
665,3.80,11123,0,0,223
667,3.59,3394,0,0,573
668,3.43,3605,0,0,376
670,4.09,17878,0,0,1824
671,3.70,36127,0,0,1388
672,3.65,31004,0,0,937
673,3.82,32517,0,0,1010
674,3.77,27128,0,0,821
675,3.76,21900,0,0,498
676,2.85,14418,0,0,422
679,4.01,40182,0,0,1820
680,4.19,108756,0,0,8753
682,3.46,5037,0,0,382
686,3.70,27787,0,0,1447
688,3.34,11567,0,0,130
691,3.53,5609,0,0,372
693,3.04,9554,0,0,137
694,4.04,40297,0,0,2164
698,3.16,6014,0,0,434
699,3.44,5212,0,0,292
700,3.31,2332,0,0,467
702,3.95,8251,0,0,244
707,3.18,4526,0,0,378
709,3.22,5313,0,0,399
710,3.43,34942,0,0,462
712,3.64,31577,0,0,233
714,3.23,15919,0,0,499
744,3.42,25472,0,0,471
745,4.01,60439,0,0,2246
746,3.83,8630,0,0,347
747,3.88,27611,0,0,1899
752,3.91,36514,0,0,3108
754,3.33,24718,0,0,319
755,3.34,17698,0,0,923
756,3.69,15528,0,0,541
762,4.14,47845,0,0,1862
763,3.71,3498,0,0,407
764,3.70,7838,0,0,874
765,3.77,10721,0,0,694
766,3.72,15447,0,0,778
767,3.83,21849,0,0,725
769,4.19,44592,0,0,1854
770,3.81,19401,0,0,385
772,2.74,10414,0,0,451
773,3.87,25845,0,0,1507
782,3.81,28512,0,0,1894
786,3.82,25738,0,0,615
787,3.25,17895,0,0,481
788,3.40,40844,0,0,342
792,3.90,20860,0,0,603
793,3.85,13086,0,0,1055
795,3.28,6986,0,0,93
796,3.30,11773,0,0,294
802,3.79,4120,0,0,241
803,4.07,604,0,0,181
804,4.05,8180,0,0,279
805,3.78,11699,0,0,877
807,4.09,65666,0,0,3463
808,3.75,58529,0,0,1187
809,3.48,26972,0,0,460
810,2.89,6545,0,0,153
812,3.70,55791,0,0,647
813,3.80,26119,0,0,735
814,3.53,9996,0,0,242
817,3.19,31144,0,0,386
818,2.96,14410,0,0,492
819,3.63,10949,0,0,182
820,3.66,9338,0,0,213
824,3.51,18123,0,0,604
829,4.14,22042,0,0,912
834,3.32,5056,0,0,305
837,3.72,3431,0,0,677
838,3.75,9505,0,0,237
839,3.70,1503,0,0,148
840,3.77,18679,0,0,774
841,3.30,11669,0,0,332
843,4.06,4270,0,0,849
846,3.33,15088,0,0,168
847,3.46,11548,0,0,294
849,2.90,1470,0,0,36
853,3.72,11660,0,0,561
854,3.19,41407,0,0,421
855,3.69,17582,0,0,713
856,3.54,26627,0,0,410
857,4.06,64235,0,0,2082
858,3.51,33436,0,0,523
859,3.85,8890,0,0,288
860,3.68,6832,0,0,278
861,3.63,27630,0,0,1332
862,3.89,76813,0,0,1440
863,3.81,34495,0,0,719
864,3.28,8778,0,0,154
865,3.25,9155,0,0,253
867,2.72,5446,0,0,77
869,2.76,13165,0,0,244
871,3.61,16505,0,0,435
872,4.02,14105,0,0,518
879,3.24,12216,0,0,276
881,3.83,20736,0,0,547
884,3.14,3610,0,0,336
888,2.41,12184,0,0,50
901,4.10,4103,0,0,402
903,4.08,14414,0,0,154
907,3.92,7101,0,0,153
914,4.03,5719,0,0,361
916,3.73,2285,0,0,118
920,3.32,12017,0,0,246
921,3.84,7385,0,0,377
923,3.80,4665,0,0,1056
924,3.59,7253,0,0,800
926,3.60,18507,0,0,529
927,3.30,15237,0,0,254
929,2.40,10683,0,0,116
935,4.20,34324,0,0,1549
938,4.00,7153,0,0,228
941,3.69,22876,0,0,313
942,3.33,16852,0,0,163
943,3.22,11773,0,0,75
944,3.14,11683,0,0,92
947,4.11,17152,0,0,843
948,3.57,9930,0,0,406
949,3.86,31850,0,0,1031
950,3.24,6725,0,0,82
953,3.36,9947,0,0,209
954,3.41,47759,0,0,422
955,2.98,23898,0,0,242
956,3.37,8063,0,0,314
957,3.43,15934,0,0,343
966,3.90,4894,0,0,134
967,3.82,6401,0,0,290
968,3.96,10072,0,0,504
975,4.18,5604,0,0,522
978,3.45,6390,0,0,253
979,3.61,2484,0,0,455
984,3.77,8013,0,0,229
1018,3.85,17061,0,0,2775
1073,3.45,8491,0,0,357
1089,3.39,5396,0,0,167
1090,3.37,5261,0,0,339
1091,3.92,15498,0,0,1945
1103,3.40,11835,0,0,492
1124,4.12,34046,0,0,3676
1164,3.62,7724,0,0,302
1213,3.52,17436,0,0,745
1246,3.39,2668,0,0,204
1250,2.48,4369,0,0,448
1255,3.51,2272,0,0,578
1265,3.44,2697,0,0,204
1267,3.45,2748,0,0,126
1268,3.04,1833,0,0,56
1271,3.55,25715,0,0,1354
1272,3.64,6657,0,0,1047
1273,2.84,1112,0,0,144
1278,3.67,2211,0,0,434
1281,2.86,4621,0,0,62
1359,3.69,19244,0,0,2207
1364,3.66,1197,0,0,83
1366,3.74,21300,0,0,751
1367,3.22,7423,0,0,416
1368,3.60,9095,0,0,517
1369,2.89,6627,0,0,96
1370,2.51,4679,0,0,78
1371,3.00,6917,0,0,445
1372,3.85,16944,0,0,558
1374,2.93,6667,0,0,433
1375,2.31,4580,0,0,302
1378,3.53,1027,0,0,317
1391,3.87,6919,0,0,800
1396,4.04,1298,0,0,426
1398,4.09,4024,0,0,945
1402,3.85,14836,0,0,874
1412,3.52,8864,0,0,96
1417,3.97,27045,0,0,2727
1422,4.13,36481,0,0,2239
1427,3.68,3672,0,0,404
1428,3.17,4921,0,0,157
1430,3.69,16608,0,0,433
1440,3.75,2097,0,0,250
1443,3.65,8391,0,0,797
1452,2.88,6252,0,0,435
1487,3.31,12411,0,0,604
1491,3.81,15791,0,0,811
1493,3.08,16299,0,0,204
1495,3.49,5346,0,0,380
1498,2.88,6312,0,0,83
1535,3.63,7850,0,0,163
1538,3.70,14229,0,0,531
1541,3.60,14905,0,0,336
1542,3.99,29871,0,0,1570
1547,3.58,7418,0,0,505
1562,3.46,8128,0,0,366
1571,3.43,8784,0,0,618
1572,3.52,43336,0,0,711
1573,3.46,20122,0,0,522
1574,3.52,13190,0,0,333
1576,3.19,9314,0,0,515
1577,3.01,4864,0,0,422
1578,4.04,13554,0,0,549
1579,3.67,6006,0,0,518
1581,3.56,5546,0,0,378
1584,3.40,19590,0,0,440
1585,4.03,19738,0,0,516
1586,3.22,5097,0,0,277
1587,3.75,20494,0,0,326
1592,3.76,13889,0,0,364
1593,3.07,8922,0,0,426
1597,3.39,26477,0,0,394
1598,3.54,11448,0,0,283
1607,3.82,6034,0,0,182
1620,2.95,2378,0,0,119
1621,3.74,13063,0,0,272
1624,3.25,24704,0,0,366
1633,3.74,10992,0,0,266
1635,3.41,9542,0,0,1066
1636,2.91,6276,0,0,190
1637,3.49,49029,0,0,862
1640,3.72,14396,0,0,581
1643,3.46,1239,0,0,102
1645,3.69,14578,0,0,168
1654,3.81,8683,0,0,110
1656,3.10,2644,0,0,65
1669,3.87,27419,0,0,722
1677,3.78,6283,0,0,243
1678,3.21,2981,0,0,347
1690,2.71,3458,0,0,359
1691,2.65,1011,0,0,81
1700,3.78,12501,0,0,494
1701,3.21,18641,0,0,265
1710,3.30,11390,0,0,133
1715,3.68,8591,0,0,173
1724,3.10,8079,0,0,735
1726,3.83,38308,0,0,1958
1729,3.29,1471,0,0,80
1730,3.63,1480,0,0,295
1734,2.99,14183,0,0,513
1735,2.65,2250,0,0,342
1738,3.20,3105,0,0,299
1771,3.48,14256,0,0,1181
1788,3.13,4630,0,0,118
1791,3.63,1525,0,0,323
1813,3.57,17633,0,0,1232
1817,3.36,9351,0,0,281
1824,3.28,15230,0,0,534
1825,2.51,634,0,0,34
1830,3.77,13185,0,0,822
1832,3.62,21496,0,0,493
1858,3.06,13834,0,0,497
1865,3.24,8190,0,0,258
1878,3.76,13640,0,0,914
1885,3.36,12411,0,0,230
1887,3.29,2219,0,0,706
1891,4.12,80200,0,0,2430
1892,3.98,76773,0,0,1747
1893,3.08,41061,0,0,1439
1894,3.03,28418,0,0,1191
1895,3.39,25425,0,0,1356
1900,3.79,21365,0,0,640
1903,3.40,14042,0,0,799
1904,3.62,3495,0,0,242
1907,3.11,8589,0,0,263
1911,3.14,9478,0,0,247
1923,3.63,3686,0,0,553
1924,3.38,18453,0,0,238
1927,2.61,9134,0,0,586
1930,3.24,9462,0,0,857
1933,3.71,17050,0,0,1018
1946,3.37,7007,0,0,566
1948,3.39,5133,0,0,224
1949,3.79,12869,0,0,1145
1954,3.71,21526,0,0,1855
1955,3.90,8636,0,0,440
1965,3.38,5491,0,0,75
1966,2.65,2676,0,0,253
1970,2.84,3506,0,0,126
1979,2.59,5189,0,0,400
1991,3.55,6407,0,0,606
1992,3.49,5227,0,0,681
1995,2.78,11934,0,0,330
2005,3.03,9620,0,0,134
2019,2.93,3557,0,0,33
2022,2.84,5648,0,0,122
2024,3.46,19744,0,0,356
2028,3.82,11040,0,0,212
2034,3.74,14966,0,0,463
2039,3.63,10035,0,0,190
2043,3.28,4131,0,0,47
2046,3.37,3238,0,0,124
2048,3.48,24070,0,0,1354
2057,2.96,1121,0,0,50
2059,3.39,12782,0,0,394
2062,3.83,29486,0,0,1184
2064,3.51,26845,0,0,217
2082,2.98,1129,0,0,80
2085,3.02,5533,0,0,53
2100,3.42,2155,0,0,24
2105,3.28,31431,0,0,637
2108,3.83,32168,0,0,1063
2109,3.47,15459,0,0,242
2112,3.41,10418,0,0,161
2118,4.05,35791,0,0,1075
2119,2.86,6647,0,0,63
2123,3.00,13204,0,0,193
2124,2.64,1386,0,0,49
2133,3.09,14319,0,0,169
2135,2.90,5380,0,0,254
2137,3.33,12,0,0,0
2157,2.60,9481,0,0,78
2163,3.33,3458,0,0,55
2164,3.38,38768,0,0,529
2251,3.35,2684,0,0,70
2252,3.81,6374,0,0,680
2253,3.47,3370,0,0,254
2259,3.28,1414,0,0,38
2268,3.06,4221,0,0,321
2270,3.80,9079,0,0,1099
2277,3.18,5652,0,0,290
2280,3.61,25356,0,0,564
2288,3.58,5777,0,0,387
2291,3.68,6660,0,0,849
2300,2.79,14268,0,0,95
2310,2.87,3514,0,0,130
2312,2.07,419,0,0,51
2322,3.64,14374,0,0,328
2330,3.55,1589,0,0,104
2362,3.42,5175,0,0,302
2440,3.80,793,0,0,92
2454,3.19,4646,0,0,160
2486,2.42,2675,0,0,232
2493,4.11,50775,0,0,2236
2501,3.91,38896,0,0,1737
2502,3.85,26612,0,0,718
2503,3.91,28138,0,0,930
2517,3.96,724,0,0,95
2539,3.18,3675,0,0,147
2567,3.61,12202,0,0,461
2605,3.25,4713,0,0,98
2609,3.60,9665,0,0,189
2614,3.28,3683,0,0,42
2619,3.19,14204,0,0,262
2623,3.52,4527,0,0,59
2636,2.90,12674,0,0,12
2640,3.74,13935,0,0,854
2642,3.24,4220,0,0,112
2649,3.87,24978,0,0,1519
2652,3.59,3564,0,0,422
2655,3.21,8304,0,0,94
2666,3.80,15086,0,0,1731
2667,2.91,24636,0,0,724
2668,3.53,18149,0,0,662
2671,3.60,3650,0,0,114
2675,3.26,17958,0,0,695
2698,2.70,3655,0,0,147
2756,3.68,21011,0,0,420
2758,3.02,21424,0,0,215
2770,2.88,13782,0,0,228
2832,3.61,7887,0,0,797
2898,3.77,28782,0,0,591
2899,3.52,744,0,0,100
2907,3.24,11107,0,0,353
2924,3.30,9654,0,0,60
2976,3.32,2997,0,0,162
2978,3.05,11183,0,0,160
3021,3.39,5522,0,0,406
3049,3.00,47829,0,0,398
3050,2.66,9445,0,0,32
3082,4.09,6258,0,0,312
3084,3.67,404,0,0,41
3116,3.96,8129,0,0,481
3131,3.56,14127,0,0,377
3134,2.57,460,0,0,98
3170,3.48,10215,0,0,209
3175,3.89,3945,0,0,540
3176,3.79,7738,0,0,423
3536,3.35,9125,0,0,128
3558,3.61,6603,0,0,529
3563,2.77,2076,0,0,224
3580,3.66,3600,0,0,271
3591,2.72,231,0,0,100
3595,3.45,17328,0,0,222
3597,2.50,9943,0,0,125
3782,4.12,2096,0,0,442
3933,3.55,10271,0,0,532
3981,3.09,14950,0,0,151
4011,3.50,26226,0,0,1037
4032,3.31,2646,0,0,66
4105,3.13,1482,0,0,15
4108,3.39,7976,0,0,168
4133,3.73,11461,0,0,253
4141,3.29,2766,0,0,149
4147,3.67,12078,0,0,608
4148,3.51,2357,0,0,237
4176,3.68,1653,0,0,163
4192,3.55,843,0,0,112
4232,3.30,21979,0,0,731
4233,2.77,9375,0,0,428
4234,2.45,8726,0,0,240
4247,2.74,15309,0,0,238
4248,2.43,6217,0,0,222
4256,2.45,4548,0,0,76
4257,2.34,2521,0,0,66
4258,2.13,455,0,0,127
4327,2.75,23022,0,0,293
4347,3.76,4545,0,0,529
4348,3.85,8523,0,0,842
4349,3.51,2276,0,0,141
4379,2.80,1256,0,0,27
4413,3.27,800,0,0,62
4421,2.93,8819,0,0,67
4442,2.92,3830,0,0,494
4476,3.50,18919,0,0,324
4478,2.86,3933,0,0,144
4488,2.92,5483,0,0,521
4513,3.16,2846,0,0,346
4523,3.47,5535,0,0,292
4547,3.24,11357,0,0,594
4550,3.82,2036,0,0,290
4552,3.62,1274,0,0,124
4553,3.81,12504,0,0,1206
4561,3.08,162,0,0,205
4564,2.77,2614,0,0,194
4584,3.95,25248,0,0,575
4588,3.76,900,0,0,222
4638,3.87,21213,0,0,1506
4643,3.52,1124,0,0,54
4689,3.81,1955,0,0,174
4806,2.88,11016,0,0,130
4824,3.21,6076,0,0,272
4858,3.01,983,0,0,57
4909,3.92,2252,0,0,130
4922,3.59,15492,0,0,1095
4935,4.12,16471,0,0,1405
4944,3.57,11252,0,0,986
4951,3.56,18019,0,0,623
4961,2.80,3656,0,0,45
4964,3.40,11437,0,0,347
4970,2.87,3317,0,0,322
4977,3.93,3998,0,0,797
4982,3.81,10008,0,0,446
4995,3.71,18039,0,0,742
5070,3.10,34,0,0,4
5123,3.57,1616,0,0,103
5156,4.11,5034,0,0,423
5174,3.19,2884,0,0,83
5175,3.28,10222,0,0,120
5176,3.73,8896,0,0,240
5255,3.09,5146,0,0,323
5289,3.22,515,0,0,21
5336,3.22,901,0,0,473
5503,3.98,61732,0,0,672
5528,3.95,2013,0,0,224
5548,3.38,19168,0,0,927
5549,2.51,6421,0,0,80
5559,2.74,3281,0,0,85
5689,2.59,4510,0,0,80
5825,3.62,8148,0,0,213
5852,2.71,1048,0,0,12
5876,3.54,5740,0,0,727
5879,3.44,858,0,0,211
5902,3.72,1514,0,0,161
5915,3.86,15019,0,0,1846
5924,3.96,5491,0,0,168
5925,4.09,13818,0,0,541
5994,3.37,6634,0,0,88
6023,3.48,3230,0,0,140
6069,3.22,2454,0,0,75
6075,3.71,11440,0,0,567
6114,3.45,12600,0,0,754
6145,3.74,3984,0,0,374
6278,3.02,4697,0,0,284
6282,2.71,6429,0,0,217
6312,3.45,3678,0,0,156
6435,3.12,3669,0,0,127
6466,2.53,2515,0,0,638
6477,2.31,1710,0,0,382
6479,3.52,21155,0,0,1478
6522,2.99,1141,0,0,88
6557,3.15,4597,0,0,206
6620,3.87,6534,0,0,121
6637,3.25,6416,0,0,185
6795,3.02,1829,0,0,231
6844,3.62,2398,0,0,294
6947,3.24,9233,0,0,802
6950,3.42,30012,0,0,118
6957,3.46,20667,0,0,809
6964,3.47,4727,0,0,77
6977,4.05,28009,0,0,2636
6978,3.52,7207,0,0,449
7090,3.19,458,0,0,61
7095,3.04,6227,0,0,105
7131,2.86,7661,0,0,280
7191,3.34,9231,0,0,713
7214,3.68,2349,0,0,79
7220,3.06,3210,0,0,562
7278,1.62,1172,0,0,52
7299,3.73,13859,0,0,1251
7326,3.71,24884,0,0,1737
7340,3.45,11889,0,0,415
7345,4.03,15800,0,0,1300
7347,3.98,2221,0,0,247
7350,3.58,5808,0,0,227
7442,3.11,1544,0,0,63
7443,3.47,23941,0,0,237
7445,3.42,964,0,0,48
7446,3.43,11071,0,0,551
7451,2.79,7575,0,0,475
7453,3.45,13186,0,0,847
7459,3.04,1189,0,0,95
7484,2.95,1403,0,0,95
7485,3.61,6565,0,0,258
7508,3.99,657,0,0,55
7512,3.42,6102,0,0,708
7516,3.24,2373,0,0,328
7518,3.24,4653,0,0,240
7520,2.84,2910,0,0,43
7549,3.78,1853,0,0,176
7551,3.61,7097,0,0,504
7552,2.97,2790,0,0,154
7553,3.38,1780,0,0,110
7555,3.29,3818,0,0,134
7735,3.81,1518,0,0,211
7840,2.53,3315,0,0,108
7980,3.19,1693,0,0,187
8005,3.08,18058,0,0,220
8007,3.25,4276,0,0,91
8009,3.60,14203,0,0,260
8051,3.58,8427,0,0,478
8055,3.76,3199,0,0,334
8065,3.51,7026,0,0,292
8066,3.47,1218,0,0,233
8068,3.43,18090,0,0,400
8077,3.12,17653,0,0,436
8078,3.04,14811,0,0,379
8095,3.45,704,0,0,94
8195,3.58,12999,0,0,205
8202,2.91,4371,0,0,405
8204,3.29,1690,0,0,130
8224,2.99,5086,0,0,58
8247,3.07,6123,0,0,239
8271,3.29,3412,0,0,81
8273,2.90,4622,0,0,280
8290,3.82,170,0,0,25
8292,3.34,1987,0,0,62
8321,3.91,15871,0,0,1892
8326,3.52,5043,0,0,123
8329,3.71,3038,0,0,518
8337,3.68,3524,0,0,800
8355,3.27,4293,0,0,93
8358,3.69,33648,0,0,1084
8363,3.77,20188,0,0,1540
8367,3.30,10367,0,0,195
8374,3.86,13251,0,0,524
8392,4.16,14010,0,0,1319
8393,3.64,10577,0,0,195
8413,3.03,9664,0,0,890
8456,3.31,671,0,0,41
8467,2.98,40371,0,0,505
8470,3.41,2896,0,0,252
8487,2.34,14638,0,0,115
8488,3.35,11403,0,0,337
8536,3.10,10622,0,0,115
8584,3.25,12189,0,0,136
8587,3.83,53509,0,0,833
8619,3.66,10159,0,0,393
8643,3.22,2096,0,0,117
8645,2.43,2763,0,0,466
8656,2.97,15302,0,0,242
8681,3.73,16624,0,0,872
8689,3.00,835,0,0,492
8697,3.50,490,0,0,40
8698,2.79,8365,0,0,386
8741,3.44,10816,0,0,527
8764,3.60,3362,0,0,111
8769,3.11,2990,0,0,83
8810,3.65,12549,0,0,392
8814,2.45,2360,0,0,112
8834,3.34,13163,0,0,198
8835,3.20,16907,0,0,576
8838,3.05,3000,0,0,61
8839,2.89,16591,0,0,74
8840,3.22,17367,0,0,112
8843,3.03,10899,0,0,398
8845,3.12,7888,0,0,69
8848,3.60,3710,0,0,187
8856,2.69,7736,0,0,53
8867,2.44,796,0,0,29
8871,2.90,10064,0,0,192
8879,3.72,3258,0,0,60
8909,3.23,7242,0,0,372
8913,3.05,4779,0,0,147
8914,2.71,9825,0,0,272
8916,3.21,14058,0,0,134
8920,2.24,2207,0,0,120
8922,2.76,3290,0,0,187
8960,3.13,11296,0,0,668
8961,3.16,6061,0,0,501
8963,3.75,27344,0,0,244
8966,2.40,9196,0,0,637
8967,3.43,2544,0,0,838
8982,3.56,585,0,0,48
9003,3.37,3995,0,0,550
9007,3.50,2470,0,0,77
9008,3.90,11050,0,0,621
9016,3.54,3681,0,0,323
9023,3.23,1725,0,0,64
9029,3.03,2117,0,0,66
9032,3.12,12923,0,0,147
9035,3.20,1534,0,0,168
9053,2.52,427,0,0,56
9056,3.78,764,0,0,305
9062,3.22,1239,0,0,50
9072,1.98,617,0,0,172
9078,3.55,7374,0,0,185
9100,3.09,11107,0,0,318
9101,3.00,7911,0,0,71
9208,3.10,26437,0,0,82
9255,2.93,15988,0,0,70
9257,2.97,4096,0,0,25
9268,3.17,19653,0,0,133
9273,2.67,26642,0,0,590
9276,2.88,7413,0,0,324
9277,4.14,19514,0,0,481
9279,2.61,5007,0,0,80
9281,3.82,13467,0,0,138
9285,3.12,10758,0,0,187
9286,2.81,2225,0,0,51
9289,3.89,3244,0,0,114
9291,3.08,3297,0,0,183
9297,3.25,2753,0,0,174
9303,3.71,7046,0,0,294
9312,2.64,13759,0,0,123
9313,3.12,7804,0,0,88
9316,3.59,2126,0,0,279
9319,3.34,2126,0,0,79
9323,3.99,10986,0,0,994
9325,3.64,12984,0,0,142
9326,3.47,16358,0,0,287
9327,2.82,23864,0,0,96
9331,3.67,35608,0,0,177
9334,2.58,4743,0,0,288
9335,3.17,3724,0,0,144
9336,3.00,7719,0,0,79
9339,2.89,7798,0,0,650
9340,3.65,15611,0,0,336
9341,2.66,3016,0,0,192
9342,3.28,17962,0,0,175
9344,3.53,6128,0,0,206
9348,2.83,15822,0,0,169
9349,2.62,5290,0,0,48
9350,3.07,28197,0,0,96
9352,3.31,4924,0,0,517
9353,2.75,2866,0,0,95
9354,2.72,20040,0,0,139
9355,3.13,7378,0,0,135
9358,2.93,3568,0,0,102
9360,2.10,7560,0,0,404
9361,3.71,14716,0,0,244
9362,3.38,4590,0,0,302
9366,3.81,14166,0,0,344
9373,2.79,2410,0,0,198
9374,3.00,4651,0,0,120
9377,3.91,34612,0,0,989
9378,2.72,3066,0,0,184
9383,2.56,9628,0,0,347
9386,3.72,21161,0,0,199
9387,3.22,8974,0,0,512
9390,3.60,27833,0,0,551
9392,3.53,4414,0,0,392
9397,2.92,7278,0,0,277
9398,3.24,15106,0,0,537
9399,2.94,290,0,0,12
9404,3.30,3967,0,0,19
9408,3.21,1785,0,0,64
9411,3.49,4642,0,0,126
9426,3.46,14104,0,0,544
9428,3.79,20938,0,0,1332
9430,3.67,9712,0,0,358
9441,3.33,2986,0,0,53
9444,3.50,6166,0,0,138
9453,2.62,1290,0,0,335
9454,3.63,7458,0,0,242
9457,2.78,1661,0,0,48
9461,3.76,3778,0,0,401
9462,3.67,860,0,0,320
9470,3.77,6516,0,0,511
9471,2.51,6838,0,0,301
9472,3.32,11152,0,0,323
9473,3.62,22130,0,0,607
9475,3.79,11991,0,0,453
9476,3.36,10407,0,0,308
9477,3.03,3475,0,0,327
9479,3.74,26830,0,0,1027
9480,2.49,8443,0,0,760
9481,3.32,8923,0,0,113
9482,2.55,17970,0,0,362
9486,2.96,4513,0,0,103
9487,3.56,28290,0,0,244
9488,2.46,2344,0,0,129
9489,3.22,16093,0,0,621
9493,2.87,4224,0,0,220
9495,3.52,19102,0,0,603
9502,3.63,17050,0,0,724
9506,2.95,7714,0,0,152
9509,3.81,10198,0,0,500
9516,3.62,4261,0,0,408
9522,3.43,15064,0,0,540
9529,3.03,4602,0,0,222
9530,2.61,1052,0,0,76
9532,3.12,9610,0,0,145
9539,3.59,1121,0,0,567
9543,3.11,4358,0,0,233
9550,3.72,5827,0,0,257
9552,3.75,19186,0,0,878
9559,3.53,3706,0,0,76
9560,3.37,6130,0,0,20
9567,3.22,2412,0,0,54
9571,3.70,10767,0,0,729
9576,3.62,10163,0,0,231
9587,3.60,12346,0,0,120
9593,2.81,16265,0,0,561
9594,2.44,800,0,0,18
9595,3.29,4330,0,0,94
9598,3.59,37698,0,0,221
9600,2.37,3917,0,0,57
9602,3.54,7539,0,0,167
9603,3.43,31746,0,0,444
9604,2.86,1283,0,0,38
9607,2.09,6756,0,0,124
9612,2.57,15937,0,0,48
9614,3.40,24799,0,0,225
9618,2.84,2775,0,0,34
9620,3.26,4189,0,0,388
9631,3.59,11328,0,0,222
9637,2.40,4302,0,0,204
9645,2.65,2423,0,0,220
9654,3.55,17466,0,0,697
9655,3.32,2910,0,0,274
9659,3.52,12567,0,0,674
9663,3.41,4652,0,0,78
9665,3.93,14344,0,0,173
9671,3.13,14893,0,0,76
9678,2.46,5278,0,0,271
9679,3.10,14706,0,0,201
9693,3.92,21218,0,0,2285
9696,3.47,1574,0,0,225
9702,3.64,516,0,0,296
9705,3.09,8983,0,0,239
9714,1.90,3865,0,0,65
9725,2.55,2221,0,0,311
9731,2.07,1408,0,0,206
9737,3.28,16784,0,0,384
9738,2.67,8951,0,0,470
9739,3.08,22009,0,0,658
9741,3.51,21646,0,0,704
9753,1.97,36,0,0,18
9757,1.86,1036,0,0,125
9759,3.09,2009,0,0,45
9762,3.32,2089,0,0,44
9767,2.88,2946,0,0,114
9769,3.50,3120,0,0,379
9772,3.33,18401,0,0,234
9778,3.37,5611,0,0,202
9788,3.26,2648,0,0,95
9792,2.92,2051,0,0,134
9793,2.48,693,0,0,26
9798,3.57,20293,0,0,417
9800,3.80,24056,0,0,474
9802,3.69,40412,0,0,718
9804,2.88,33098,0,0,512
9806,3.85,42953,0,0,985
9809,2.92,340,0,0,15
9820,3.30,5322,0,0,108
9823,2.10,2816,0,0,57
9825,2.54,4836,0,0,48
9833,3.52,3208,0,0,209
9836,2.99,4043,0,0,74
9837,3.45,9245,0,0,239
9869,3.61,11697,0,0,154
9870,3.58,9934,0,0,653
9874,2.55,1131,0,0,36
9880,3.26,6874,0,0,148
9886,2.76,14988,0,0,605
9889,2.81,7914,0,0,90
9894,2.72,18480,0,0,348
9896,3.13,5414,0,0,181
9902,2.83,1432,0,0,120
9904,2.52,418,0,0,14
9906,2.69,736,0,0,15
9907,2.61,523,0,0,114
9913,3.32,2366,0,0,229
9919,3.20,7933,0,0,191
9928,3.15,4438,0,0,91
9946,2.69,6663,0,0,136
9947,2.37,2365,0,0,308
9982,2.72,2651,0,0,92
9992,3.02,613,0,0,35
9994,3.50,2409,0,0,224
10009,3.30,2668,0,0,105
10010,3.12,247,0,0,18
10014,2.50,2874,0,0,66
10020,3.68,45404,0,0,553
10022,2.75,1831,0,0,48
10025,2.89,804,0,0,30
10030,2.80,1186,0,0,69
10033,3.13,1624,0,0,72
10045,3.60,1831,0,0,120
10047,3.08,3099,0,0,91
10054,2.71,7235,0,0,167
10057,3.20,15446,0,0,23
10066,2.43,1647,0,0,51
10068,3.01,2075,0,0,289
10096,3.14,7089,0,0,166
10098,3.93,1865,0,0,254
10110,3.81,4237,0,0,480
10112,3.38,10758,0,0,79
10135,2.91,1630,0,0,46
10137,2.86,7112,0,0,94
10138,3.43,17696,0,0,1334
10140,3.28,2968,0,0,136
10144,3.53,19003,0,0,228
10159,3.35,2682,0,0,85
10184,3.26,2986,0,0,356
10189,3.47,8580,0,0,404
10191,3.91,20872,0,0,742
10192,2.97,3440,0,0,80
10193,3.83,21131,0,0,897
10195,3.32,14900,0,0,1448
10196,1.86,2066,0,0,485
10198,3.50,3556,0,0,208
10200,2.81,2838,0,0,242
10201,3.38,8506,0,0,523
10204,2.91,1623,0,0,220
10214,1.24,847,0,0,34
10220,3.72,8535,0,0,271
10222,2.97,1000,0,0,30
10228,2.35,2150,0,0,185
10229,3.45,3501,0,0,93
10312,3.19,8566,0,0,159
10314,3.01,7743,0,0,129
10315,3.89,9990,0,0,865
10323,3.29,2065,0,0,67
10327,2.42,3558,0,0,48
10330,3.06,5952,0,0,206
10331,3.64,10498,0,0,776
10336,2.65,6882,0,0,220
10340,3.56,13691,0,0,162
10357,2.70,4878,0,0,34
10358,3.19,4506,0,0,306
10376,3.76,1087,0,0,114
10386,3.87,13181,0,0,339
10393,3.16,3682,0,0,29
10398,3.22,9817,0,0,45
10402,2.62,4738,0,0,161
10428,3.23,10045,0,0,458
10431,3.06,819,0,0,35
10439,3.13,3832,0,0,224
10474,3.61,5400,0,0,181
10477,2.33,1469,0,0,27
10483,3.09,2555,0,0,82
10489,2.77,2357,0,0,55
10494,3.98,2918,0,0,594
10497,3.45,1880,0,0,70
10501,3.38,4166,0,0,73
10515,4.08,7778,0,0,673
10527,3.19,3452,0,0,62
10528,3.74,21058,0,0,1359
10529,3.32,887,0,0,77
10530,2.98,17562,0,0,180
10536,3.62,2687,0,0,117
10543,3.25,3257,0,0,53
10545,3.25,14329,0,0,211
10555,2.74,4406,0,0,114
10559,3.55,10581,0,0,192
10567,3.05,3681,0,0,44
10585,2.87,3464,0,0,144
10588,1.99,1752,0,0,55
10590,3.58,4964,0,0,282
10591,3.31,4818,0,0,270
10601,3.35,2021,0,0,100
10603,2.69,5530,0,0,77
10617,3.71,1103,0,0,34
10622,3.17,1533,0,0,16
10623,2.85,787,0,0,18
10625,3.61,13852,0,0,982
10634,3.55,5626,0,0,110
10637,3.78,12542,0,0,431
10647,3.40,8395,0,0,273
10661,2.57,3800,0,0,381
10665,3.14,1390,0,0,181
10669,3.77,10498,0,0,306
10673,3.72,6754,0,0,273
10674,3.75,15736,0,0,814
10681,4.01,42033,0,0,2236
10683,3.82,5495,0,0,438
10693,3.54,9993,0,0,140
10718,2.12,428,0,0,17
10719,3.36,11562,0,0,361
10729,3.57,834,0,0,49
10731,3.47,17375,0,0,61
10734,3.78,3458,0,0,133
10747,3.92,4178,0,0,124
10753,3.54,310,0,0,57
10757,3.45,215,0,0,48
10764,3.30,10196,0,0,660
10771,2.57,2905,0,0,18
10774,4.01,7301,0,0,314
10775,3.96,3140,0,0,183
10776,3.31,10859,0,0,209
10780,3.36,1569,0,0,72
10781,2.66,912,0,0,40
10796,2.98,3823,0,0,312
10802,2.26,9274,0,0,216
10830,3.46,7819,0,0,384
10835,4.03,3238,0,0,157
10847,3.26,1518,0,0,44
10851,3.45,1194,0,0,147
10860,3.55,4134,0,0,118
10865,3.37,5279,0,0,458
10866,3.18,1591,0,0,24
10867,3.66,1467,0,0,180
10882,3.55,9004,0,0,204
10895,3.44,16751,0,0,204
10897,3.03,3363,0,0,88
10925,3.49,1754,0,0,620
10948,3.47,5789,0,0,106
10950,3.56,5045,0,0,148
10956,2.69,3467,0,0,49
10974,3.32,667,0,0,24
10975,3.37,1217,0,0,27
10982,3.09,1887,0,0,115
10995,3.61,437,0,0,54
10997,3.90,4100,0,0,100
10998,3.43,13887,0,0,124
10999,3.27,3269,0,0,220
11000,3.52,26960,0,0,214
11001,3.11,2525,0,0,230
11005,3.77,9302,0,0,398
11007,2.84,2823,0,0,379
11008,2.91,4877,0,0,129
11009,3.28,3472,0,0,133
11011,2.45,6395,0,0,45
11012,3.57,272,0,0,64
11013,3.71,6145,0,0,965
11023,3.43,2895,0,0,168
11036,3.65,12642,0,0,784
11045,2.46,936,0,0,19
11046,3.80,1604,0,0,102
11069,2.79,719,0,0,85
11072,3.85,14490,0,0,374
11074,2.93,2401,0,0,9
11075,3.62,2203,0,0,179
11087,3.12,3066,0,0,64
11104,4.00,3683,0,0,520
11130,3.11,2481,0,0,41
11134,3.45,2842,0,0,74
11153,3.75,8371,0,0,193
11186,2.37,1562,0,0,31
11187,2.11,1249,0,0,51
11198,3.25,92,0,0,14
11199,2.67,1749,0,0,155
11205,3.54,146,0,0,39
11212,2.46,841,0,0,133
11216,4.12,12180,0,0,366
11220,3.91,979,0,0,242
11224,3.53,12402,0,0,212
11230,3.81,2542,0,0,44
11237,1.96,807,0,0,141
11247,3.25,1887,0,0,87
11249,2.24,626,0,0,50
11253,3.34,6470,0,0,277
11283,3.23,2003,0,0,104
11286,2.91,1911,0,0,27
11321,3.71,5790,0,0,230
11322,3.29,3483,0,0,197
11324,4.00,30321,0,0,3815
11351,2.57,1233,0,0,189
11358,3.03,1544,0,0,248
11360,3.44,11692,0,0,178
11362,3.80,8072,0,0,301
11371,3.46,5616,0,0,120
11397,2.66,3860,0,0,119
11422,3.57,626,0,0,16
11423,4.05,2894,0,0,601
11428,2.41,794,0,0,28
11451,2.48,1068,0,0,40
11452,3.18,3266,0,0,86
11453,2.15,1093,0,0,157
11459,3.14,2033,0,0,95
11460,3.14,2215,0,0,325
11471,3.69,447,0,0,41
11474,3.71,1968,0,0,363
11497,3.07,3293,0,0,52
11522,3.37,9430,0,0,246
11527,3.56,7677,0,0,553
11528,3.68,4704,0,0,82
11529,3.18,5682,0,0,121
11544,3.56,9653,0,0,304
11565,2.26,789,0,0,69
11619,3.24,2532,0,0,101
11620,3.27,142,0,0,42
11621,3.94,4171,0,0,476
11622,3.23,4811,0,0,67
11631,3.12,4364,0,0,290
11635,3.59,9481,0,0,277
11644,3.59,1139,0,0,381
11645,4.14,6528,0,0,554
11647,3.67,240,0,0,10
11649,2.40,1625,0,0,72
11665,3.16,4761,0,0,174
11667,1.94,2780,0,0,79
11674,3.05,11168,0,0,186
11678,2.85,4332,0,0,49
11679,2.35,1495,0,0,278
11683,3.16,1871,0,0,296
11688,3.65,11806,0,0,261
11690,3.23,2541,0,0,37
11713,3.66,676,0,0,137
11770,3.60,3704,0,0,88
11774,3.29,7153,0,0,319
11778,3.97,14465,0,0,666
11782,3.94,3333,0,0,400
11806,2.55,2073,0,0,38
11808,3.27,6080,0,0,82
11814,3.29,7633,0,0,162
11824,2.85,1544,0,0,35
11836,3.17,1821,0,0,208
11838,3.37,1384,0,0,64
11845,3.31,264,0,0,34
11852,2.51,1963,0,0,193
11860,3.37,15596,0,0,169
11878,4.17,5208,0,0,419
11886,3.69,7230,0,0,137
11892,3.02,1827,0,0,34
11917,2.74,1827,0,0,63
11918,2.29,875,0,0,32
11932,2.21,2359,0,0,90
11936,3.42,164,0,0,7
11953,4.04,1749,0,0,80
11954,2.92,1311,0,0,101
11963,3.94,4274,0,0,233
11968,2.94,870,0,0,57
11969,3.70,17149,0,0,350
11970,3.46,9584,0,0,384
11975,3.61,4990,0,0,264
11976,3.29,3836,0,0,158
11977,3.66,11747,0,0,150
11978,3.65,5100,0,0,61
12092,3.62,10794,0,0,281
12096,2.76,2050,0,0,310
12100,2.91,2418,0,0,47
12101,3.49,5139,0,0,292
12102,3.73,6379,0,0,154
12106,3.05,8159,0,0,91
12113,3.58,2833,0,0,159
12120,2.51,1140,0,0,193
12133,3.50,6736,0,0,361
12139,2.40,1606,0,0,7
12140,3.81,2184,0,0,267
12144,3.38,3187,0,0,57
12153,2.47,3051,0,0,81
12155,3.06,9806,0,0,722
12159,3.33,5499,0,0,416
12162,3.73,11745,0,0,673
12163,3.80,8909,0,0,488
12180,3.05,2361,0,0,112
12184,3.38,1501,0,0,165
12207,3.73,3639,0,0,91
12208,2.88,1120,0,0,540
12222,3.26,2969,0,0,97
12230,3.43,10747,0,0,159
12237,1.97,333,0,0,20
12244,3.46,4513,0,0,559
12279,2.06,1606,0,0,114
12289,3.60,623,0,0,87
12309,3.07,2194,0,0,34
12405,3.83,26797,0,0,1267
12429,3.85,5359,0,0,448
12437,3.33,3034,0,0,124
12444,3.84,21781,0,0,846
12445,3.90,20837,0,0,719
12476,3.55,1397,0,0,226
12481,3.57,653,0,0,36
12493,4.16,1259,0,0,245
12572,3.08,414,0,0,35
12599,2.13,1529,0,0,95
12620,2.84,1317,0,0,153
13009,2.16,282,0,0,88
13027,3.26,2784,0,0,399
13053,3.27,5017,0,0,149
13056,2.76,562,0,0,48
13078,3.08,109,0,0,30
13127,3.42,118,0,0,10
13161,3.01,279,0,0,95
13179,3.26,243,0,0,23
13183,3.69,17500,0,0,1882
13192,2.77,140,0,0,10
13195,3.39,411,0,0,31
13207,2.62,749,0,0,272
13223,3.90,19466,0,0,1147
13333,3.26,371,0,0,301
13342,3.64,10611,0,0,519
13345,3.48,26,0,0,1
13363,3.95,4432,0,0,1219
13375,2.94,9,0,0,0
13387,3.15,2469,0,0,87
13398,3.91,1652,0,0,174
13448,3.26,5997,0,0,527
13455,3.22,1936,0,0,124
13460,2.94,970,0,0,416
13475,3.81,21886,0,0,1990
13483,3.14,632,0,0,31
13497,3.05,1496,0,0,22
13510,3.40,762,0,0,148
13515,3.10,1015,0,0,95
13523,3.21,1272,0,0,294
13576,3.29,401,0,0,30
13597,3.64,11369,0,0,514
13600,3.40,1663,0,0,209
13668,3.06,554,0,0,22
13673,2.44,736,0,0,54
13680,3.07,709,0,0,48
13681,3.75,1380,0,0,74
13688,3.16,190,0,0,17
13700,2.63,590,0,0,208
13811,2.95,3587,0,0,636
13885,3.46,9021,0,0,744
13888,2.14,609,0,0,13
13920,3.47,1413,0,0,53
13939,3.22,1424,0,0,55
13969,2.72,539,0,0,18
13971,3.28,514,0,0,34
14001,3.02,828,0,0,52
14003,3.53,334,0,0,18
14052,3.18,4144,0,0,45
14069,3.92,2831,0,0,320
14160,3.96,38751,0,0,1962
14161,2.76,8422,0,0,987
14174,3.28,109,0,0,45
14191,2.87,639,0,0,42
14199,2.02,681,0,0,31
14202,3.79,1439,0,0,229
14282,3.78,2400,0,0,104
14324,2.52,31,0,0,3
14411,3.33,1155,0,0,23
14412,3.91,4299,0,0,86
14442,3.25,2366,0,0,128
14537,4.19,1282,0,0,308
14564,2.34,225,0,0,29
14574,3.80,4245,0,0,386
14684,3.43,723,0,0,20
14695,2.82,248,0,0,25
14741,3.62,1623,0,0,15
14756,3.94,4373,0,0,276
14784,3.92,3312,0,0,1119
14836,3.75,9933,0,0,1084
14864,3.08,370,0,0,10
14869,2.75,2755,0,0,543
14919,3.52,2383,0,0,59
14926,3.08,1042,0,0,23
15015,3.12,130,0,0,1
15070,2.92,296,0,0,6
15092,3.09,2528,0,0,132
15121,3.81,19092,0,0,718
15137,3.81,888,0,0,76
15157,3.35,306,0,0,28
15165,3.29,146,0,0,8
15196,3.54,6269,0,0,390
15356,3.25,357,0,0,89
15370,3.73,1882,0,0,201
15371,3.89,1678,0,0,240
15373,3.53,5096,0,0,219
15384,3.70,415,0,0,39
15472,3.87,7786,0,0,767
15512,3.07,3474,0,0,178
15765,3.55,4809,0,0,25
15767,3.05,75,0,0,34
15802,3.12,106,0,0,117
15916,3.91,268,0,0,102
15999,3.67,1967,0,0,81
16113,2.58,330,0,0,19
16157,3.48,20,0,0,29
16161,2.93,405,0,0,69
16269,3.53,30,0,0,15
16318,3.88,13,0,0,0
16320,3.97,15781,0,0,1508
16411,3.59,51,0,0,23
16617,3.13,1021,0,0,181
16664,3.53,227,0,0,38
16859,4.04,7039,0,0,862
16869,4.04,36055,0,0,3355
16871,3.18,3113,0,0,393
16907,2.91,49,0,0,3
16996,3.07,3827,0,0,129
17111,3.42,596,0,0,51
17422,3.66,38,0,0,5
17431,4.01,16137,0,0,2945
17467,3.54,221,0,0,33
17529,3.64,2246,0,0,72
17578,3.46,4257,0,0,384
17581,2.86,14,0,0,0
17610,2.44,1652,0,0,309
17653,3.72,430,0,0,17
17654,3.81,25473,0,0,2294
17741,2.43,30,0,0,12
17809,3.85,808,0,0,38
17903,3.56,33,0,0,30
17927,3.09,471,0,0,34
17979,3.16,1469,0,0,75
18148,4.07,1456,0,0,331
18239,2.34,4169,0,0,217
18240,3.50,6825,0,0,305
18329,3.90,675,0,0,306
18360,2.99,3405,0,0,225
18405,3.18,732,0,0,94
18491,4.04,1787,0,0,242
18501,2.93,2262,0,0,245
18707,3.20,20,0,0,5
18785,3.61,24068,0,0,1078
18823,2.71,3382,0,0,281
18860,3.31,8,0,0,0
18881,3.19,71,0,0,18
19173,3.08,72,0,0,11
19186,3.42,5530,0,0,51
19404,3.75,253,0,0,36
19585,2.28,606,0,0,16
19898,3.47,2940,0,0,742
19908,3.74,20456,0,0,1811
19912,2.78,1393,0,0,51
19913,3.74,17192,0,0,1566
19959,3.27,3877,0,0,550
19994,2.84,1602,0,0,580
19995,3.61,36901,0,0,3149
20352,3.66,14561,0,0,470
20453,3.99,2279,0,0,220
20504,3.47,8224,0,0,999
20526,3.29,7599,0,0,1329
20662,3.16,3313,0,0,141
20677,3.00,13,0,0,0
20766,3.63,5064,0,0,593
20943,3.25,2797,0,0,170
20982,2.97,19,0,0,0
21191,3.81,783,0,0,43
21208,3.39,2328,0,0,205
21407,3.25,604,0,0,59
21422,2.81,31,0,0,3
21452,3.42,32,0,0,3
21484,3.75,691,0,0,154
21519,3.61,263,0,0,32
21835,3.63,16,0,0,1
22244,3.40,346,0,0,585
22377,2.76,138,0,0,14
22538,3.77,15153,0,0,1805
22582,2.66,132,0,0,243
22794,3.34,5494,0,0,197
22803,3.75,4192,0,0,414
22804,2.85,1484,0,0,55
22824,3.00,804,0,0,124
22832,3.10,924,0,0,361
22881,3.68,11296,0,0,549
22894,2.65,1223,0,0,83
22947,3.68,8741,0,0,667
22970,3.65,10427,0,0,1550
22971,3.21,1277,0,0,52
23048,3.11,4279,0,0,462
23168,3.74,7000,0,0,403
23169,3.43,1095,0,0,101
23172,2.76,591,0,0,50
23398,2.05,625,0,0,307
23437,2.55,889,0,0,65
23446,3.00,14,0,0,2
23483,3.60,16277,0,0,1244
23629,2.90,3517,0,0,577
23827,3.01,3824,0,0,301
24021,2.37,4184,0,0,169
24128,4.11,2704,0,0,83
24402,2.75,139,0,0,28
24420,3.59,2655,0,0,204
24428,3.74,27495,0,0,2616
24961,2.59,631,0,0,33
25095,3.29,243,0,0,12
25188,3.97,3332,0,0,435
25195,3.34,1446,0,0,53
25221,2.84,372,0,0,13
25237,4.17,1501,0,0,654
25538,3.95,1015,0,0,282
25875,3.23,33,0,0,2
26022,3.57,455,0,0,28
26389,3.12,1361,0,0,86
26466,3.65,1954,0,0,784
26505,2.75,120,0,0,13
26662,3.69,21,0,0,0
26877,3.13,24,0,0,9
26973,3.41,237,0,0,13
27022,3.15,2932,0,0,165
27066,3.65,27,0,0,40
27098,3.44,212,0,0,26
27154,3.56,9,0,0,6
27205,4.18,65056,0,0,8978
27324,3.37,418,0,0,123
27418,2.52,370,0,0,6
27576,3.25,5840,0,0,470
27578,2.96,5111,0,0,665
27579,3.22,1362,0,0,177
27581,3.45,4894,0,0,322
27582,3.46,2678,0,0,86
27945,3.65,302,0,0,13
28178,3.79,1813,0,0,193
28211,3.17,673,0,0,88
28355,3.15,677,0,0,41
28468,3.47,19,0,0,33
28609,3.07,115,0,0,9
28764,3.77,13,0,0,1
28808,3.82,34,0,0,10
28874,3.75,1049,0,0,124
29259,4.04,360,0,0,185
30018,3.86,1067,0,0,203
30112,3.36,25,0,0,18
30421,3.67,353,0,0,36
30497,3.35,4885,0,0,740
30709,2.49,68,0,0,3
31011,3.89,4762,0,0,1505
31439,4.09,1572,0,0,86
32657,2.90,2992,0,0,215
32856,2.93,1450,0,0,70
33217,3.03,483,0,0,50
33320,3.90,1216,0,0,119
33542,3.40,13713,0,0,107
34016,3.27,1901,0,0,111
34544,3.19,4297,0,0,510
34584,3.52,13617,0,0,498
34813,3.14,971,0,0,63
34851,3.12,2661,0,0,161
35019,3.02,293,0,0,10
35102,2.00,1,0,0,0
35739,3.75,2,0,0,5
36095,3.64,461,0,0,74
36419,2.85,310,0,0,97
36557,3.84,28517,0,0,1331
36586,3.13,8925,0,0,569
36593,2.98,17722,0,0,119
36643,3.20,11583,0,0,255
36647,3.37,16634,0,0,702
36648,2.93,4544,0,0,253
36669,3.09,8720,0,0,339
36670,3.27,1556,0,0,318
36685,3.35,16874,0,0,1011
36955,3.51,52789,0,0,554
37056,3.48,1452,0,0,115
37094,3.62,8697,0,0,267
37135,3.49,8931,0,0,189
37136,3.62,10962,0,0,203
37137,3.25,6496,0,0,98
37165,3.89,45809,0,0,2360
37169,2.14,1174,0,0,185
37185,3.59,54,0,0,1
37233,3.51,28616,0,0,222
37247,4.02,23216,0,0,716
37257,4.08,2693,0,0,237
37265,3.26,53,0,0,27
37280,4.00,8,0,0,0
37430,2.64,782,0,0,95
37686,3.47,6734,0,0,422
37707,2.85,1435,0,0,197
37724,3.74,15918,0,0,980
37735,3.61,9151,0,0,832
37786,2.35,955,0,0,20
37797,4.01,1773,0,0,288
37799,3.78,22045,0,0,1707
37821,2.95,977,0,0,25
37834,3.26,3258,0,0,233
37933,3.10,529,0,0,130
37958,2.88,1126,0,0,70
38050,3.55,6871,0,0,560
38055,3.56,8352,0,0,655
38142,3.80,1453,0,0,342
38167,2.94,1295,0,0,181
38199,3.47,905,0,0,112
38234,3.44,162,0,0,16
38321,2.85,1289,0,0,81
38322,2.16,158,0,0,92
38365,2.76,2652,0,0,303
38575,3.02,2797,0,0,50
38700,3.04,642,0,0,421
38757,3.73,11869,0,0,497
39202,3.12,13,0,0,0
39203,3.35,13,0,0,0
39205,3.60,10,0,0,1
39207,3.13,12,0,0,0
39254,3.29,4031,0,0,394
39451,2.72,1581,0,0,48
39513,3.34,4752,0,0,314
39514,3.58,7455,0,0,760
39538,3.51,4291,0,0,778
39691,1.94,199,0,0,12
39828,3.70,5,0,0,0
39857,3.24,19,0,0,2
39863,3.00,1,0,0,0
40264,1.85,443,0,0,23
41154,3.35,7884,0,0,262
41216,3.19,1386,0,0,137
41283,3.13,695,0,0,117
41387,3.56,73,0,0,5
41439,2.70,1118,0,0,63
41446,2.96,1269,0,0,320
41498,3.58,72,0,0,9
41513,2.37,856,0,0,94
41630,3.19,3095,0,0,166
41733,3.18,3359,0,0,170
42188,3.64,2117,0,0,576
42269,3.88,73,0,0,4
42297,3.31,868,0,0,57
42337,3.40,56,0,0,10
42384,2.83,3,0,0,2
42506,3.47,63,0,0,99
43074,2.67,2103,0,0,316
43347,3.38,2206,0,0,151
43593,2.45,840,0,0,410
43947,3.12,589,0,0,55
43949,3.82,883,0,0,140
44048,3.40,2211,0,0,122
44115,3.60,9489,0,0,581
44154,3.57,120,0,0,84
44214,3.80,19871,0,0,2566
44264,3.79,10954,0,0,575
44683,3.16,144,0,0,23
44826,3.52,6101,0,0,555
44833,2.72,2147,0,0,260
44865,3.15,321,0,0,44
44896,3.38,5707,0,0,344
44912,2.40,4025,0,0,543
44935,1.00,1,0,0,86
44943,2.77,2242,0,0,302
45243,3.00,6314,0,0,181
45269,3.91,21019,0,0,1327
45612,3.76,14051,0,0,1745
45772,2.58,893,0,0,86
46195,3.17,3113,0,0,137
46529,2.97,2395,0,0,175
46705,3.68,2684,0,0,307
46738,4.05,2185,0,0,349
46853,2.67,24,0,0,13
47002,3.94,63,0,0,6
47327,2.64,638,0,0,386
47423,3.37,260,0,0,2
47647,3.68,22,0,0,14
47933,2.74,1858,0,0,115
47964,2.55,1571,0,0,89
47971,2.79,650,0,0,475
48138,3.47,2808,0,0,227
48650,3.08,260,0,0,125
49013,2.75,2421,0,0,87
49017,3.09,1856,0,0,382
49018,3.46,3291,0,0,333
49021,3.19,887,0,0,67
49026,3.97,31704,0,0,1602
49040,3.44,5061,0,0,230
49046,3.82,1145,0,0,165
49047,3.60,18613,0,0,2335
49049,3.62,5641,0,0,1037
49051,3.63,16586,0,0,1111
49444,3.50,4919,0,0,109
49517,3.63,3437,0,0,531
49519,3.36,2843,0,0,233
49520,3.11,1285,0,0,63
49521,3.09,7483,0,0,550
49524,2.82,1215,0,0,170
49529,3.16,3674,0,0,281
49530,3.44,7988,0,0,1048
49730,2.74,969,0,0,76
49797,3.80,1847,0,0,397
49849,2.80,3434,0,0,209
50014,3.89,8766,0,0,847
50348,3.76,4140,0,0,144
50359,2.56,401,0,0,28
50476,3.20,10,0,0,8
50544,3.29,4878,0,0,366
50546,3.29,2374,0,0,196
50619,2.37,2767,0,0,92
50620,2.55,2413,0,0,133
50646,3.75,8775,0,0,839
50723,2.85,10,0,0,5
50727,4.00,3,0,0,4
51533,3.52,89,0,0,16
51540,3.33,7217,0,0,472
51608,3.85,1087,0,0,211
51739,3.79,2544,0,0,185
51828,3.54,1279,0,0,126
51876,3.85,16350,0,0,1044
52212,2.79,19,0,0,7
52449,2.85,2784,0,0,162
52451,2.85,766,0,0,78
53064,3.14,36,0,0,49
53165,3.71,12,0,0,0
53168,3.75,53,0,0,4
53182,2.96,2334,0,0,363
53932,2.79,12,0,0,27
54138,3.70,10687,0,0,599
55156,3.43,15,0,0,1
55157,3.62,13,0,0,0
55301,2.11,300,0,0,122
55721,3.51,6477,0,0,505
55779,2.94,1029,0,0,59
55931,3.66,5425,0,0,390
56288,1.93,377,0,0,37
56292,3.66,9843,0,0,351
57100,2.86,14,0,0,3
57158,3.59,12475,0,0,637
57165,2.76,1381,0,0,105
57212,3.35,1208,0,0,79
57214,3.22,1736,0,0,88
57800,3.16,2315,0,0,52
58231,2.47,18,0,0,7
58233,3.19,1765,0,0,95
58574,3.72,13017,0,0,501
58595,2.86,2484,0,0,320
59053,2.63,4,0,0,1
59108,3.03,1615,0,0,101
59210,3.43,131,0,0,23
59436,3.78,10390,0,0,1186
59440,3.92,4566,0,0,346
59859,3.14,3210,0,0,468
59940,3.02,24,0,0,16
59961,3.44,1993,0,0,106
59962,3.16,1777,0,0,76
59965,2.79,514,0,0,41
59967,3.65,15144,0,0,1677
60304,2.95,1816,0,0,176
60308,3.91,11494,0,0,918
60898,3.88,4,0,0,3
60935,3.26,1758,0,0,238
61012,2.54,406,0,0,59
61791,3.54,11428,0,0,549
62177,3.49,9825,0,0,454
62211,3.47,6672,0,0,186
62213,2.88,2478,0,0,136
62835,3.25,1051,0,0,105
63311,3.77,2221,0,0,246
64328,3.37,1509,0,0,177
64348,2.80,5,0,0,12
64635,3.15,3957,0,0,562
64682,3.49,7864,0,0,572
64686,3.04,1420,0,0,149
64688,3.63,11144,0,0,532
64690,3.85,14694,0,0,2706
65496,2.94,16,0,0,43
65754,3.81,12631,0,0,1119
67342,3.30,37,0,0,8
67393,3.50,1,0,0,0
68507,3.36,7,0,0,4
68718,4.03,33575,0,0,2928
68721,3.47,12980,0,0,1589
68724,3.28,7598,0,0,1156
68726,3.33,8023,0,0,1101
68728,2.87,1984,0,0,141
68730,3.58,1127,0,0,324
68734,3.77,12276,0,0,782
68735,3.21,2397,0,0,214
68737,2.77,567,0,0,48
68817,3.10,438,0,0,25
70006,2.88,69,0,0,10
70160,3.52,20983,0,0,1224
70981,3.37,11473,0,0,1520
71552,3.09,1673,0,0,63
71672,2.88,125,0,0,12
71676,2.26,1116,0,0,250
71859,3.69,2664,0,0,598
72105,3.14,8593,0,0,662
72190,3.29,9743,0,0,981
72331,2.85,1565,0,0,69
72387,3.29,898,0,0,26
72545,2.85,692,0,0,75
72559,2.73,1362,0,0,461
72570,3.57,1396,0,0,86
72710,3.17,1062,0,0,74
72784,3.15,300,0,0,46
72976,3.64,3973,0,0,329
73353,2.75,4,0,0,0
73723,3.09,1718,0,0,72
73861,2.67,785,0,0,283
74018,3.23,200,0,0,11
74997,1.84,442,0,0,160
75174,3.19,2438,0,0,255
75258,3.23,184,0,0,20
75612,3.61,8707,0,0,1754
75624,3.05,38,0,0,12
75656,3.62,11029,0,0,863
75674,3.47,568,0,0,83
75780,3.53,4845,0,0,300
76025,3.64,2269,0,0,291
76163,2.95,3144,0,0,361
76203,3.89,8612,0,0,477
76285,2.92,1204,0,0,77
76338,3.19,8374,0,0,844
76341,3.87,22013,0,0,2972
76492,3.44,3683,0,0,287
76493,3.18,4621,0,0,334
76600,3.47,907,0,0,163
76617,2.59,212,0,0,16
76640,3.07,1001,0,0,374
76726,3.61,3903,0,0,458
76757,2.64,2632,0,0,601
76758,3.56,320,0,0,77
77016,3.79,3157,0,0,246
77174,3.46,1689,0,0,151
77338,4.13,20061,0,0,1438
77617,3.10,15,0,0,0
77877,3.51,681,0,0,26
77883,2.88,286,0,0,23
77931,2.37,310,0,0,115
77950,2.96,1005,0,0,33
78192,4.00,1,0,0,0
79224,3.67,107,0,0,7
79707,3.48,276,0,0,177
79871,3.83,3,0,0,0
80274,3.37,5628,0,0,517
80278,3.59,1587,0,0,151
80321,3.15,1954,0,0,49
81005,2.99,1069,0,0,49
81188,3.50,2955,0,0,157
81481,3.84,95,0,0,32
81774,3.11,9,0,0,14
82507,3.54,2455,0,0,402
82633,3.54,1570,0,0,109
82654,3.29,3279,0,0,226
82675,3.14,2865,0,0,174
82690,3.70,10930,0,0,487
82693,3.70,14065,0,0,1235
82695,3.53,3527,0,0,394
82700,2.27,1828,0,0,365
82702,3.73,7800,0,0,204
82703,3.19,800,0,0,36
83389,3.82,772,0,0,93
83542,3.57,8231,0,0,1800
83666,3.97,12489,0,0,1818
84308,4.15,13,0,0,18
84892,3.83,10144,0,0,1299
86331,3.38,74,0,0,24
86834,2.70,1985,0,0,210
86838,3.66,4732,0,0,907
87101,2.98,3153,0,0,645
87421,3.43,3781,0,0,213
87428,2.62,633,0,0,86
87502,3.63,4187,0,0,305
87516,2.83,572,0,0,52
87818,2.37,854,0,0,495
87827,3.67,12304,0,0,942
88751,2.85,2053,0,0,105
91314,2.53,2199,0,0,117
91586,3.39,1258,0,0,53
93456,3.50,6561,0,0,182
93685,3.63,4,0,0,3
94047,3.63,64,0,0,4
94329,3.81,3570,0,0,319
94365,1.62,146,0,0,26
96721,3.88,5499,0,0,497
97020,2.88,2587,0,0,140
97370,3.40,2590,0,0,903
97375,3.07,14,0,0,1
97630,3.71,5662,0,0,635
98566,2.59,1525,0,0,345
98567,2.84,171,0,0,11
99099,2.17,3,0,0,0
99861,3.50,12390,0,0,1322
100042,2.59,1596,0,0,71
100402,3.69,14167,0,0,1078
101299,3.50,14235,0,0,606
101731,3.58,162,0,0,16
102382,3.01,4366,0,0,599
102651,3.35,5323,0,0,313
102899,3.55,10748,0,0,1265
103663,4.09,5088,0,0,869
103731,3.66,3032,0,0,146
105864,3.09,1521,0,0,67
106646,3.94,27916,0,0,2460
107846,3.36,1973,0,0,150
108450,1.50,3,0,0,0
109091,2.75,513,0,0,38
109410,3.71,1040,0,0,245
109414,3.28,4676,0,0,437
109418,2.52,886,0,0,89
109424,3.79,7623,0,0,807
109428,3.32,1446,0,0,453
109431,2.93,1343,0,0,49
109439,2.94,3040,0,0,56
109445,3.45,11380,0,0,868
109451,3.21,1558,0,0,72
109689,3.22,38,0,0,11
110415,3.55,8704,0,0,1355
110420,4.01,1228,0,0,378
111190,3.25,178,0,0,21
112949,3.59,881,0,0,46
114150,3.51,6234,0,0,322
115290,2.94,77,0,0,10
116149,3.58,1546,0,0,225
116711,3.17,1043,0,0,41
116745,3.70,5804,0,0,865
117251,3.24,2293,0,0,114
117263,3.22,2393,0,0,172
118340,3.92,27570,0,0,2249
118379,3.83,3,0,0,2
118451,3.50,19,0,0,10
119283,3.16,788,0,0,51
119450,3.56,7304,0,0,320
119892,2.55,51,0,0,12
120467,4.03,22142,0,0,2981
121602,3.50,12,0,0,10
121875,3.67,308,0,0,47
122126,3.20,15,0,0,17
122583,3.04,13,0,0,0
122906,3.98,8145,0,0,1174
122917,3.48,8785,0,0,343
123553,3.11,780,0,0,93
124905,2.97,3707,0,0,318
125509,2.82,74,0,0,175
126889,3.19,2765,0,0,500
126963,3.25,250,0,0,30
127380,3.54,5706,0,0,139
127533,3.57,213,0,0,26
127585,3.70,13550,0,0,900
131631,3.42,9958,0,0,373
131634,3.41,6539,0,0,224
132232,3.14,1334,0,0,93
132363,3.51,930,0,0,63
134374,3.15,1488,0,0,103
134411,3.06,393,0,0,16
135397,3.28,8975,0,0,770
136400,3.33,1534,0,0,501
136418,3.12,358,0,0,41
136795,3.32,2314,0,0,141
136797,2.89,940,0,0,45
136799,3.00,838,0,0,24
136835,2.93,94,0,0,11
137106,3.67,10423,0,0,589
137113,3.96,20421,0,0,2156
137116,2.83,137,0,0,2
137409,3.29,31,0,0,2
138103,2.93,1629,0,0,64
138697,3.13,2527,0,0,197
138832,3.49,5773,0,0,270
138843,3.68,5113,0,0,605
139038,2.36,219,0,0,45
140300,3.53,2880,0,0,48
140607,3.63,19556,0,0,2141
141052,2.73,2406,0,0,762
142093,3.25,4,0,0,1
143310,4.00,1,0,0,0
146216,3.46,2542,0,0,106
146233,4.04,9689,0,0,1343
147441,2.77,897,0,0,103
149870,3.94,2219,0,0,277
149871,3.93,1015,0,0,236
150540,3.92,22894,0,0,1473
150689,3.37,1821,0,0,96
151960,2.61,476,0,0,29
152532,3.91,10797,0,0,754
152584,3.74,2345,0,0,1102
152601,3.91,17603,0,0,3061
153158,2.56,36,0,0,15
153518,2.76,923,0,0,21
154400,3.59,1290,0,0,147
156022,3.69,4509,0,0,366
157336,4.15,40603,0,0,7331
157350,3.22,6010,0,0,515
157353,3.23,3354,0,0,723
157354,3.65,765,0,0,58
157433,2.74,596,0,0,83
157547,3.41,1505,0,0,544
158015,2.98,2901,0,0,188
158852,3.20,2928,0,0,706
159824,3.42,1922,0,0,273
160642,4.75,2,0,0,2
161246,3.57,7,0,0,6
165213,3.77,325,0,0,62
166424,2.13,1732,0,0,383
166426,3.21,3135,0,0,131
166428,3.74,1602,0,0,81
166666,3.25,58,0,0,23
168259,3.34,3621,0,0,171
168672,3.53,6346,0,0,517
169917,3.19,796,0,0,329
170657,3.58,170,0,0,17
170687,3.34,919,0,0,120
171274,3.47,1737,0,0,269
172385,3.06,750,0,0,27
173185,3.51,67,0,0,19
174341,3.10,10,0,0,4
175112,3.34,128,0,0,17
175168,1.67,3,0,0,0
177572,3.87,16563,0,0,1088
177677,3.65,6281,0,0,243
179826,3.40,429,0,0,56
180299,3.79,1654,0,0,121
181533,3.05,1898,0,0,93
181808,3.28,6696,0,0,1312
181812,2.87,3041,0,0,418
181886,3.59,3151,0,0,834
184314,3.60,282,0,0,41
184315,2.79,968,0,0,37
184345,2.40,110,0,0,11
187017,3.52,6373,0,0,200
187022,3.54,149,0,0,22
188927,3.53,4772,0,0,786
190859,3.47,6708,0,0,379
192141,3.48,474,0,0,52
193610,3.31,1262,0,0,75
193756,3.73,2460,0,0,245
193893,3.16,997,0,0,41
194662,3.73,11499,0,0,1382
195589,3.23,3221,0,0,162
196867,2.78,233,0,0,26
198184,3.39,4476,0,0,892
198375,3.80,843,0,0,220
198663,3.33,7381,0,0,608
200085,3.32,83,0,0,18
200727,3.78,1119,0,0,108
201085,3.28,1525,0,0,500
201088,2.72,469,0,0,113
203739,2.88,414,0,0,50
203801,3.70,5581,0,0,453
204082,3.29,692,0,0,56
204922,3.29,505,0,0,115
205584,2.68,894,0,0,368
205587,3.51,1477,0,0,414
205596,4.01,26396,0,0,2642
206487,3.80,6241,0,0,1281
206647,3.39,5630,0,0,915
207703,3.81,15795,0,0,1336
207932,3.10,1350,0,0,455
207933,3.43,539,0,0,118
209112,2.70,4625,0,0,511
210577,3.96,21171,0,0,2442
211672,3.04,3293,0,0,217
212778,3.69,2411,0,0,305
214756,3.04,2234,0,0,160
216015,2.10,2127,0,0,261
216282,2.87,316,0,0,18
220289,3.90,3422,0,0,1048
221731,3.53,121,0,0,6
221732,3.49,98,0,0,6
222935,3.55,4634,0,0,424
223702,2.77,2366,0,0,266
225574,3.47,2200,0,0,232
225886,2.61,835,0,0,35
227156,3.33,1773,0,0,178
227159,3.19,2119,0,0,80
227719,3.28,850,0,0,200
227973,3.22,618,0,0,26
228150,3.75,7125,0,0,532
228161,3.22,1603,0,0,73
228165,2.82,376,0,0,181
228205,3.65,718,0,0,46
228326,3.52,1261,0,0,96
228967,3.09,4449,0,0,303
228970,3.57,1446,0,0,306
230179,2.65,218,0,0,30
232672,3.36,1177,0,0,160
235704,3.43,29,0,0,12
238615,3.34,1227,0,0,142
238636,3.13,1211,0,0,60
238713,3.53,3857,0,0,324
240832,3.12,7689,0,0,1055
241251,2.66,153,0,0,46
241259,3.03,1388,0,0,109
241554,3.19,806,0,0,32
241848,3.47,1154,0,0,218
242582,3.98,13465,0,0,1550
242828,3.81,762,0,0,134
244761,2.98,165,0,0,26
244786,4.16,20947,0,0,2042
245891,3.85,13200,0,0,1586
246403,2.69,589,0,0,54
246655,3.18,4783,0,0,633
249070,3.03,897,0,0,55
249397,3.53,1463,0,0,428
250546,2.77,1000,0,0,385
251783,2.63,4,0,0,59
253376,1.73,22,0,0,1
253412,3.50,1621,0,0,122
254128,2.88,1823,0,0,112
254320,3.67,5513,0,0,1510
254470,3.24,2228,0,0,98
254904,3.11,509,0,0,57
255709,3.86,36,0,0,4
256040,3.61,234,0,0,43
256274,3.39,1005,0,0,228
256591,3.51,3135,0,0,284
257088,2.82,280,0,0,14
257091,3.10,1466,0,0,59
257211,3.68,5087,0,0,446
257344,2.54,1679,0,0,414
257445,3.04,822,0,0,25
257512,3.04,12,0,0,0
258230,3.62,766,0,0,192
258480,3.63,1644,0,0,418
258489,2.97,1092,0,0,54
258509,2.14,105,0,0,6
259072,2.94,75,0,0,6
259316,3.62,8099,0,0,1364
259693,3.51,2154,0,0,121
259694,3.14,669,0,0,30
260346,2.97,1736,0,0,108
260513,3.67,6612,0,0,514
260514,3.16,869,0,0,58
261023,3.34,1469,0,0,89
262500,3.16,3274,0,0,246
262504,3.13,1523,0,0,272
262543,3.34,1074,0,0,194
263115,3.92,13567,0,0,1443
263132,3.60,5,0,0,8
263472,2.60,449,0,0,89
264644,3.95,6666,0,0,679
264660,3.99,21335,0,0,3939
265177,3.91,808,0,0,85
265195,4.11,3043,0,0,835
265208,2.97,342,0,0,25
265851,3.46,54,0,0,7
266294,2.96,730,0,0,114
266647,2.68,459,0,0,40
266856,3.80,8366,0,0,589
267193,3.00,778,0,0,64
267860,3.11,1379,0,0,98
267935,3.09,848,0,0,41
268531,2.86,244,0,0,10
268896,2.76,1125,0,0,259
269149,3.86,15086,0,0,903
269955,3.17,3,0,0,3
270303,3.65,4252,0,0,862
270946,3.22,1374,0,0,189
271110,3.70,11221,0,0,1093
271969,2.83,255,0,0,28
273248,3.89,11554,0,0,1751
273477,3.19,347,0,0,38
273481,3.89,8082,0,0,1100
274167,3.21,1167,0,0,60
274854,3.15,1001,0,0,44
274855,2.75,674,0,0,125
274857,3.32,1320,0,0,123
274862,2.90,198,0,0,19
274870,3.52,6016,0,0,1070
276907,3.46,1164,0,0,77
277216,3.71,2258,0,0,359
277217,3.13,229,0,0,38
278154,2.91,666,0,0,44
278924,3.27,807,0,0,45
278927,3.47,3352,0,0,169
280092,3.20,732,0,0,37
280217,3.29,927,0,0,88
281338,3.58,2891,0,0,148
281957,3.78,12122,0,0,1188
282035,2.59,1276,0,0,82
283366,3.38,2338,0,0,320
283566,3.93,132,0,0,13
283995,3.82,13509,0,0,1523
284052,3.76,12606,0,0,1103
284053,3.90,14231,0,0,1742
284054,3.62,8913,0,0,1987
284536,3.02,370,0,0,16
284552,3.50,1,0,0,0
286217,4.03,30091,0,0,2934
286687,3.33,3,0,0,1
287649,2.42,6,0,0,8
287947,3.35,2657,0,0,249
287948,2.99,283,0,0,27
290098,4.11,2756,0,0,965
290250,3.78,6345,0,0,1076
290595,2.97,743,0,0,31
290859,2.96,975,0,0,781
290864,3.34,96,0,0,9
290865,3.50,11,0,0,3
291805,3.46,4697,0,0,165
291870,3.07,902,0,0,330
292431,3.35,465,0,0,107
293167,3.20,2366,0,0,304
293660,3.86,24432,0,0,2341
293670,3.79,981,0,0,245
293767,2.93,88,0,0,32
293863,3.68,1831,0,0,148
294254,3.19,2895,0,0,159
295830,2.94,154,0,0,21
296096,3.67,1991,0,0,207
296098,3.80,5905,0,0,789
296099,3.24,936,0,0,55
296524,3.55,1468,0,0,91
297222,3.78,717,0,0,73
297270,3.32,149,0,0,12
297608,3.33,437,0,0,282
297761,2.65,5367,0,0,1080
297762,3.55,7802,0,0,1541
297802,3.12,2619,0,0,342
298250,2.88,521,0,0,50
298312,3.31,1288,0,0,252
298618,3.04,92,0,0,2
299534,3.90,12845,0,0,2194
299536,3.92,16164,0,0,2836
299537,3.25,4186,0,0,1249
299687,2.92,867,0,0,77
299824,2.78,23,0,0,7
300668,3.59,5150,0,0,1767
300669,3.53,2492,0,0,340
300671,3.76,1565,0,0,168
301337,2.79,932,0,0,159
301502,2.56,122,0,0,76
301528,3.60,2811,0,0,360
302699,3.21,1898,0,0,75
302946,3.74,4423,0,0,789
303857,3.20,173,0,0,8
303991,3.56,903,0,0,131
305470,2.65,776,0,0,502
306819,3.56,1324,0,0,158
307081,3.52,1472,0,0,44
308266,3.67,2918,0,0,224
308531,2.72,696,0,0,486
309809,3.68,867,0,0,95
310131,3.77,4089,0,0,1082
310307,3.76,2664,0,0,287
311324,2.95,934,0,0,61
312221,3.65,3260,0,0,133
313297,3.85,3387,0,0,355
313369,3.74,7428,0,0,1190
314365,4.08,9188,0,0,937
315011,3.57,402,0,0,340
315162,3.96,1104,0,0,209
315465,3.80,467,0,0,146
315837,3.22,2936,0,0,721
316029,3.56,2242,0,0,432
316727,2.98,854,0,0,66
317442,3.23,99,0,0,5
318256,2.99,268,0,0,33
318846,4.07,15980,0,0,1809
320288,2.66,1137,0,0,454
321258,3.02,686,0,0,65
321612,3.39,3094,0,0,229
324552,3.82,7081,0,0,615
324668,3.52,3298,0,0,100
324670,3.10,671,0,0,63
324786,3.90,5181,0,0,823
324849,3.58,2294,0,0,114
324852,3.12,1340,0,0,84
324857,4.19,10885,0,0,1832
329865,4.05,20587,0,0,4190
329996,2.82,378,0,0,75
330457,3.25,1457,0,0,244
330459,3.76,12829,0,0,1707
331482,3.84,2856,0,0,485
331576,3.38,56,0,0,1
332210,3.21,721,0,0,42
332562,3.58,2877,0,0,769
332567,3.13,858,0,0,81
333167,4.50,1,0,0,2
333339,3.54,6008,0,0,1644
333371,3.73,6767,0,0,874
333484,3.43,1968,0,0,59
334533,3.93,3218,0,0,728
334541,3.86,3493,0,0,575
334543,3.93,2635,0,0,211
335360,2.60,77,0,0,6
335787,3.01,592,0,0,312
335797,3.40,1729,0,0,243
335977,3.28,134,0,0,13
335983,3.26,3249,0,0,1073
335984,3.96,11456,0,0,3169
335988,2.35,854,0,0,37
336843,3.23,1211,0,0,118
337167,2.59,419,0,0,102
337170,3.68,1919,0,0,208
337339,3.20,1584,0,0,72
337401,2.64,698,0,0,182
337404,3.50,990,0,0,161
338762,2.81,404,0,0,361
338766,3.91,4152,0,0,444
338803,3.14,11,0,0,2
338952,3.19,2285,0,0,211
338953,2.90,463,0,0,74
338958,2.65,71,0,0,32
338967,3.25,1569,0,0,622
338970,3.09,1509,0,0,374
339403,3.81,9378,0,0,1178
339527,3.20,302,0,0,28
339692,3.70,814,0,0,70
339846,2.85,980,0,0,175
339964,3.17,2173,0,0,1082
339967,3.15,772,0,0,649
339984,3.35,107,0,0,15
340102,2.61,367,0,0,446
340382,2.65,62,0,0,5
340666,3.73,3295,0,0,494
340837,3.23,982,0,0,252
341013,3.34,2010,0,0,563
341174,2.54,705,0,0,45
342473,3.12,173,0,0,55
343611,3.15,1262,0,0,104
343668,3.43,3818,0,0,267
345887,3.45,1100,0,0,166
345911,3.12,844,0,0,116
345938,3.17,152,0,0,54
345940,2.73,1040,0,0,211
346364,3.51,5056,0,0,722
346648,3.81,1210,0,0,810
346672,3.21,743,0,0,39
346685,3.26,1516,0,0,116
346698,2.80,5,0,0,1
346910,2.61,809,0,0,138
347201,3.19,70,0,0,10
348350,3.30,3702,0,0,575
348893,3.39,90,0,0,7
350499,2.40,21,0,0,4
351286,2.94,2040,0,0,519
353069,2.51,156,0,0,5
353081,3.79,4018,0,0,540
353486,3.52,4290,0,0,1064
353491,2.70,1063,0,0,98
354857,3.19,39,0,0,11
354912,4.03,10083,0,0,1167
355547,2.76,36,0,0,0
357096,2.86,80,0,0,15
359364,4.08,161,0,0,40
359724,3.96,5190,0,0,624
359940,4.00,7929,0,0,1518
360784,3.42,239,0,0,78
360920,3.04,482,0,0,16
361292,3.66,1085,0,0,1013
361743,3.89,3262,0,0,412
363088,3.47,4671,0,0,1062
363676,3.79,3461,0,0,574
364689,3.23,435,0,0,36
365045,3.52,42,0,0,9
369885,3.53,999,0,0,138
369972,3.63,1668,0,0,358
370172,3.48,1626,0,0,285
370663,3.26,78,0,0,45
371462,3.71,7,0,0,13
372058,4.17,3940,0,0,1280
372343,2.40,323,0,0,60
372754,3.93,35,0,0,22
372962,2.00,1,0,0,0
373571,2.84,1021,0,0,122
374205,3.64,42,0,0,6
374720,3.79,8871,0,0,1423
375262,3.86,3320,0,0,963
375588,2.57,353,0,0,9
376570,3.45,1590,0,0,225
376659,3.22,1141,0,0,266
376660,3.70,1751,0,0,336
376867,3.85,4232,0,0,705
378064,4.05,925,0,0,231
378236,1.71,325,0,0,8
379149,3.53,942,0,0,517
379686,1.87,280,0,0,59
381283,3.50,2643,0,0,891
381284,4.00,5878,0,0,1137
381288,3.61,5765,0,0,828
381289,3.62,506,0,0,51
381890,2.96,95,0,0,8
383498,3.79,10327,0,0,1895
384018,3.14,954,0,0,65
384345,4.50,1,0,0,0
384521,2.83,1209,0,0,270
384680,3.56,648,0,0,150
385103,2.48,213,0,0,261
385128,2.75,383,0,0,59
385687,2.82,92,0,0,22
387426,3.52,1554,0,0,211
387848,5.00,1,0,0,5
388399,3.69,724,0,0,108
389015,3.76,2599,0,0,419
390043,3.56,2323,0,0,227
390062,3.42,279,0,0,118
391713,3.80,5198,0,0,1213
391757,2.87,49,0,0,7
392044,3.34,2374,0,0,249
393345,2.57,157,0,0,133
394117,3.89,1940,0,0,429
395834,3.88,3345,0,0,489
395990,3.10,431,0,0,77
395991,3.71,540,0,0,124
395992,3.30,2329,0,0,435
396194,3.68,11,0,0,0
396371,3.78,2239,0,0,409
396422,3.25,713,0,0,72
396535,3.84,3203,0,0,1005
397243,3.51,1404,0,0,621
397567,3.51,89,0,0,3
398818,3.95,3361,0,0,1215
398978,3.67,3523,0,0,1003
399055,3.51,4656,0,0,961
399057,3.68,2241,0,0,676
399170,3.55,1870,0,0,422
399174,3.85,4778,0,0,1179
399360,3.32,369,0,0,123
399361,3.15,621,0,0,96
399366,3.18,188,0,0,94
399402,3.31,291,0,0,34
399404,3.79,2144,0,0,463
399566,2.97,838,0,0,256
399579,3.62,2672,0,0,1136
400106,2.96,1684,0,0,175
400155,3.05,471,0,0,122
400157,2.66,59,0,0,11
400160,2.71,89,0,0,64
400535,3.54,1287,0,0,163
400617,3.77,1833,0,0,527
400928,3.90,1551,0,0,161
401469,3.31,759,0,0,509
401478,2.91,22,0,0,16
401981,3.27,1248,0,0,396
402431,2.64,11,0,0,0
402900,3.22,2021,0,0,447
404368,3.39,1856,0,0,199
405774,3.24,2479,0,0,583
406563,3.15,332,0,0,73
406759,2.53,328,0,0,130
406990,3.44,1226,0,0,253
406997,3.82,1726,0,0,173
407436,3.05,269,0,0,16
407451,2.30,425,0,0,56
408270,3.25,12,0,0,7
408866,3.23,11,0,0,4
411088,4.05,1354,0,0,423
412117,3.16,475,0,0,33
412656,2.82,262,0,0,219
414419,4.09,241,0,0,23
414906,3.69,3366,0,0,1376
415842,3.00,404,0,0,41
416148,2.89,18,0,0,4
417261,3.24,89,0,0,27
417320,2.98,115,0,0,46
419430,4.00,11970,0,0,1764
419479,3.27,775,0,0,177
419743,3.39,291,0,0,105
420634,2.83,201,0,0,249
420707,2.17,21,0,0,9
420809,3.15,587,0,0,87
420817,3.24,1771,0,0,231
420818,3.05,1230,0,0,165
420821,3.07,231,0,0,35
423108,3.17,368,0,0,97
423204,3.23,470,0,0,53
424139,3.23,874,0,0,65
424694,3.71,5424,0,0,943
424783,3.24,1223,0,0,606
425909,3.27,571,0,0,437
426543,2.81,208,0,0,33
427641,2.92,1000,0,0,247
428045,2.54,26,0,0,13
428078,2.96,977,0,0,295
429197,3.60,1640,0,0,675
429351,3.30,368,0,0,41
429617,3.70,5786,0,0,958
431580,3.42,295,0,0,71
431693,3.23,338,0,0,11
431819,2.98,46,0,0,47
432991,2.94,9,0,0,3
433498,3.56,314,0,0,32
433808,3.51,1122,0,0,740
434203,3.38,85,0,0,26
434555,2.48,60,0,0,7
435901,3.10,5,0,0,0
436270,2.67,437,0,0,105
436969,3.46,1644,0,0,470
437068,3.80,234,0,0,43
437543,2.81,8,0,0,0
438148,3.02,275,0,0,2
438631,3.97,5437,0,0,1247
438695,3.40,205,0,0,32
438798,3.18,14,0,0,0
439079,2.61,626,0,0,70
440249,3.00,31,0,0,0
440471,2.26,161,0,0,46
441130,3.90,636,0,0,180
441701,3.13,246,0,0,362
442062,2.56,100,0,0,9
442249,2.76,413,0,0,75
443791,3.02,492,0,0,161
445571,3.60,3462,0,0,690
446354,3.66,2043,0,0,617
446807,2.99,227,0,0,19
446893,2.88,141,0,0,24
447277,2.54,62,0,0,21
447332,3.70,6348,0,0,1406
447365,3.80,534,0,0,94
447404,3.27,1681,0,0,89
448119,2.54,261,0,0,17
449176,3.68,1150,0,0,493
449443,3.44,687,0,0,127
449985,3.02,66,0,0,5
449992,3.52,152,0,0,67
450001,3.16,74,0,0,0
450465,3.24,1896,0,0,618
451048,3.20,697,0,0,134
452832,2.75,216,0,0,65
453395,3.22,1345,0,0,658
453405,2.77,621,0,0,94
454527,3.41,111,0,0,11
454619,3.22,291,0,0,33
454626,3.02,944,0,0,114
454640,2.75,154,0,0,5
454983,3.01,537,0,0,75
455207,3.51,2177,0,0,396
455839,3.27,307,0,0,173
455980,3.34,1271,0,0,106
456740,2.67,690,0,0,723
458156,3.77,4003,0,0,362
458220,3.47,74,0,0,6
458305,3.17,638,0,0,217
458423,3.13,724,0,0,175
458576,2.58,222,0,0,59
458723,3.56,3572,0,0,668
458897,2.54,354,0,0,82
459151,2.70,52,0,0,4
460458,2.66,137,0,0,24
460465,2.83,663,0,0,148
460555,3.27,22,0,0,3
463272,3.33,636,0,0,64
464052,2.48,1184,0,0,210
464889,2.71,34,0,0,3
466272,3.78,7136,0,0,1723
466282,3.47,1059,0,0,170
466420,3.50,1,0,0,0
467938,3.24,335,0,0,126
473033,3.75,3639,0,0,817
473920,2.38,17,0,0,0
474350,3.10,1528,0,0,204
475557,3.93,12541,0,0,2977
476292,3.73,81,0,0,18
476669,3.07,592,0,0,57
479455,2.79,1074,0,0,136
479718,3.73,44,0,0,1
480414,2.51,180,0,0,29
480530,3.39,784,0,0,21
481084,2.69,211,0,0,85
481848,3.34,261,0,0,188
482321,3.43,144,0,0,29
482373,2.94,158,0,0,76
483906,3.10,483,0,0,662
484247,3.50,1342,0,0,297
484468,3.53,134,0,0,35
484641,3.29,429,0,0,232
484718,2.45,309,0,0,78
487558,3.75,4042,0,0,1067
487616,2.27,15,0,0,0
488623,3.59,163,0,0,53
489999,3.78,2074,0,0,438
490132,3.98,5853,0,0,1059
491418,3.73,840,0,0,144
491480,3.66,187,0,0,59
491584,3.82,1136,0,0,594
492188,3.80,3681,0,0,682
493416,2.33,3,0,0,0
493529,3.68,488,0,0,98
493922,3.87,4631,0,0,2170
495764,2.99,1354,0,0,317
496243,4.33,12399,0,0,3665
497582,3.37,1185,0,0,225
497698,3.18,1569,0,0,663
497828,3.70,782,0,0,207
499191,2.50,3,0,0,3
499701,2.94,218,0,0,30
499726,2.67,18,0,0,1
499932,3.43,646,0,0,136
500664,3.79,2978,0,0,1586
501170,3.56,1257,0,0,219
501929,3.69,1065,0,0,370
502356,3.29,366,0,0,93
502416,2.86,246,0,0,53
503736,2.72,615,0,0,349
503919,3.80,3207,0,0,1721
504056,2.79,19,0,0,0
504172,3.39,864,0,0,120
504253,3.86,127,0,0,34
504608,3.58,1442,0,0,249
504949,3.64,796,0,0,125
505026,3.13,652,0,0,94
505192,4.03,1376,0,0,691
505262,3.49,81,0,0,21
505642,3.13,652,0,0,90
506574,3.23,41,0,0,16
506763,3.78,9,0,0,4
507086,2.51,480,0,0,73
508439,3.60,1782,0,0,194
508442,3.93,4799,0,0,687
508642,3.36,90,0,0,8
508883,3.75,2,0,0,1
508935,3.29,21,0,0,0
508943,3.65,1188,0,0,191
508947,3.39,800,0,0,267
508965,3.92,1796,0,0,211
509967,2.99,884,0,0,589
511987,3.01,488,0,0,126
512195,3.07,859,0,0,161
512200,3.35,1544,0,0,315
513310,3.34,501,0,0,397
513691,2.99,50,0,0,6
514207,2.61,28,0,0,0
514593,2.68,94,0,0,14
514847,3.23,649,0,0,225
514999,3.04,901,0,0,96
515001,3.98,6434,0,0,1513
516486,3.55,806,0,0,172
516632,3.15,166,0,0,58
517814,3.93,475,0,0,204
518068,3.75,42,0,0,4
519465,3.58,58,0,0,42
520763,3.48,1181,0,0,491
521029,2.84,314,0,0,19
522016,2.67,92,0,0,20
522162,3.35,389,0,0,85
522402,3.37,347,0,0,88
522518,3.51,182,0,0,13
522627,3.88,3662,0,0,479
522681,3.24,753,0,0,136
522931,3.03,390,0,0,34
522938,2.71,411,0,0,37
524047,3.26,460,0,0,121
524434,2.89,984,0,0,718
525661,3.41,714,0,0,208
526896,2.18,382,0,0,358
527641,3.65,365,0,0,69
527774,3.43,877,0,0,132
529203,3.24,199,0,0,53
529216,3.66,229,0,0,52
530254,3.65,88,0,0,25
530385,3.80,4422,0,0,1888
530915,4.05,7377,0,0,1306
531219,2.63,164,0,0,19
531309,3.00,643,0,0,69
531428,4.06,1637,0,0,933
532067,3.64,51,0,0,3
532639,2.07,76,0,0,3
532814,2.60,5,0,0,1
533444,3.64,180,0,0,207
533514,4.22,25,0,0,14
535167,2.92,282,0,0,73
536437,2.62,43,0,0,3
536554,3.27,354,0,0,116
537915,2.81,184,0,0,13
537996,3.67,2650,0,0,462
539681,2.93,104,0,0,26
539885,2.86,277,0,0,101
540901,3.19,688,0,0,358
542178,3.61,1229,0,0,288
543540,3.01,235,0,0,2
543753,3.55,10,0,0,34
545609,3.28,919,0,0,186
545611,4.08,3947,0,0,2481
546554,4.06,11275,0,0,2761
547016,3.26,983,0,0,751
549514,2.64,22,0,0,57
550205,3.57,124,0,0,31
550988,3.49,2042,0,0,817
552178,3.88,955,0,0,400
553512,4.00,7,0,0,2
554761,2.72,18,0,0,159
555604,3.63,454,0,0,125
556574,3.81,2094,0,0,256
556678,3.47,573,0,0,105
556694,3.36,288,0,0,48
559907,3.51,899,0,0,232
559969,3.57,2156,0,0,237
560057,3.27,214,0,0,58
566525,3.50,1801,0,0,767
567189,2.79,190,0,0,22
567609,3.52,1319,0,0,617
567748,3.21,453,0,0,155
568091,3.33,314,0,0,91
568124,3.61,1486,0,0,218
568160,3.79,553,0,0,325
568300,4.75,8,0,0,13
568620,2.73,99,0,0,363
569094,4.25,528,0,0,172
570670,3.48,1885,0,0,427
572154,3.81,18,0,0,1
575264,3.78,89,0,0,6
575299,2.53,16,0,0,0
575813,3.89,65,0,0,12
576784,2.88,4,0,0,0
576845,3.45,834,0,0,285
577922,3.60,4330,0,0,1246
578701,2.84,197,0,0,14
579047,2.92,275,0,0,353
579974,3.77,519,0,0,75
580175,3.81,1376,0,0,544
580489,2.88,756,0,0,123
581387,3.36,25,0,0,13
581392,2.92,162,0,0,23
581528,3.52,82,0,0,49
581644,2.32,34,0,0,1
581726,2.61,193,0,0,40
582014,3.70,1376,0,0,955
583083,2.51,154,0,0,18
585083,2.86,114,0,0,13
585216,3.23,183,0,0,40
585245,2.69,45,0,0,5
585511,3.11,88,0,0,3
587792,3.89,3138,0,0,1070
587807,2.32,121,0,0,47
588228,3.11,845,0,0,279
589761,2.90,21,0,0,0
590223,3.46,736,0,0,135
591273,3.09,327,0,0,115
591274,3.33,271,0,0,56
592350,3.77,51,0,0,7
592695,2.92,100,0,0,22
593643,3.66,1409,0,0,299
593910,2.20,77,0,0,1
594767,2.89,166,0,0,27
597208,3.45,689,0,0,167
599975,2.94,141,0,0,17
600354,4.03,1193,0,0,458
601666,3.24,731,0,0,416
601796,3.45,22,0,0,4
602063,3.22,27,0,0,0
602223,2.61,122,0,0,41
602269,3.05,387,0,0,73
602734,2.32,162,0,0,65
603661,3.35,92,0,0,2
603692,3.71,651,0,0,17
604822,2.45,22,0,0,0
606856,3.73,311,0,0,93
610150,3.15,30,0,0,4
610253,2.50,239,0,0,405
611291,4.25,6,0,0,11
613504,2.90,85,0,0,12
613868,3.33,6,0,0,3
614479,2.96,12,0,0,0
614696,3.32,222,0,0,44
614934,3.43,623,0,0,60
615173,3.14,11,0,0,3
615453,3.41,38,0,0,15
615457,3.69,1615,0,0,677
615643,3.73,998,0,0,555
615677,2.29,53,0,0,0
615777,3.39,332,0,0,134
616037,2.94,1030,0,0,508
616651,3.29,149,0,0,69
617653,3.59,762,0,0,132
618344,3.25,130,0,0,112
619264,3.64,1800,0,0,1241
619730,3.23,330,0,0,68
619778,3.10,377,0,0,75
619803,3.45,20,0,0,0
619979,2.86,110,0,0,32
620249,3.31,13,0,0,1
623491,3.05,204,0,0,39
624860,2.71,1163,0,0,428
625450,2.53,144,0,0,4
625976,5.00,1,0,0,3
626332,3.89,9,0,0,8
627725,3.75,197,0,0,22
628900,3.01,70,0,0,15
629176,2.70,91,0,0,66
629542,3.26,238,0,0,10
630004,3.25,106,0,0,32
630566,3.49,37,0,0,10
630586,2.88,92,0,0,14
631843,2.88,514,0,0,711
632727,2.04,109,0,0,99
633604,2.74,23,0,0,9
634429,3.50,9,0,0,5
634528,2.91,112,0,0,23
634649,3.81,4195,0,0,560
635302,3.80,185,0,0,75
637649,3.51,838,0,0,151
637920,3.82,77,0,0,52
638507,3.75,99,0,0,4
638597,2.87,102,0,0,34
639933,3.52,1151,0,0,259
640146,2.81,386,0,0,76
642885,2.83,130,0,0,26
643215,2.66,22,0,0,1
644495,3.19,456,0,0,79
644583,3.71,287,0,0,128
645710,3.19,72,0,0,49
645788,2.98,133,0,0,13
645886,3.40,240,0,0,49
646207,3.02,135,0,0,7
646380,3.44,2340,0,0,1029
646385,3.05,400,0,0,506
646389,3.30,130,0,0,24
648579,3.44,664,0,0,243
652837,3.68,33,0,0,0
660120,3.80,681,0,0,87
661374,3.63,1887,0,0,350
662638,3.50,7,0,0,0
662707,1.00,1,0,0,0
663558,3.42,13,0,0,3
663712,2.94,86,0,0,0
664280,4.05,404,0,0,43
664413,2.53,145,0,0,230
664469,2.93,231,0,0,41
664767,3.15,110,0,0,3
666277,4.14,33,0,0,6
667520,3.28,109,0,0,30
667538,2.79,51,0,0,2
671043,3.27,13,0,0,16
672322,3.55,30,0,0,7
674324,3.85,1411,0,0,243
675353,3.02,258,0,0,18
675445,2.58,13,0,0,0
677179,3.28,138,0,0,17
677638,2.37,15,0,0,0
678512,3.33,12,0,0,0
682110,3.88,810,0,0,243
682507,3.49,267,0,0,38
685274,3.44,9,0,0,14
696806,3.29,792,0,0,120
697843,3.38,105,0,0,25
698508,3.38,16,0,0,1
698948,3.84,280,0,0,41
700391,2.72,149,0,0,72
705861,3.57,510,0,0,76
705996,3.66,306,0,0,36
709631,2.00,1,0,0,0
710356,2.41,11,0,0,8
713704,3.19,159,0,0,37
715931,3.37,34,0,0,16
717930,2.98,20,0,0,0
718789,2.93,351,0,0,70
718930,3.60,1399,0,0,629
719410,3.84,25,0,0,15
724495,3.37,172,0,0,245
725201,3.11,554,0,0,109
726759,3.47,160,0,0,71
727340,3.43,7,0,0,0
739405,3.10,143,0,0,16
740985,3.29,1425,0,0,301
744275,2.69,24,0,0,1
744276,2.17,15,0,0,0
744746,3.37,38,0,0,0
745881,3.59,33,0,0,6
747059,3.45,32,0,0,6
747188,3.62,145,0,0,24
752623,3.04,444,0,0,55
755566,3.02,187,0,0,38
756999,3.31,534,0,0,232
758009,2.74,65,0,0,1
758323,2.86,77,0,0,5
758330,3.43,112,0,0,8
758336,2.93,7,0,0,0
758866,3.79,530,0,0,179
760104,3.28,497,0,0,674
760161,2.95,77,0,0,1
760741,2.58,55,0,0,10
762504,3.51,1193,0,0,465
762975,2.55,41,0,0,20
763164,1.86,28,0,0,12
763285,2.89,222,0,0,13
766507,3.46,742,0,0,265
768362,3.58,116,0,0,16
774752,3.21,271,0,0,34
774825,2.24,25,0,0,8
776305,3.30,99,0,0,28
776503,3.93,932,0,0,151
776797,3.20,41,0,0,16
779782,2.84,51,0,0,34
780609,3.18,223,0,0,62
785084,3.72,567,0,0,161
787752,3.31,243,0,0,32
791155,2.44,25,0,0,11
791177,3.47,153,0,0,138
791373,3.47,1124,0,0,121
796185,3.44,16,0,0,2
796499,3.22,214,0,0,16
798286,3.67,137,0,0,37
799379,2.85,10,0,0,2
799876,3.70,394,0,0,147
801335,3.28,23,0,0,0
804095,3.69,411,0,0,38
804150,2.87,213,0,0,36
808430,5.00,1,0,0,0
810693,3.45,66,0,0,10
811634,2.75,2,0,0,0
812225,3.50,7,0,0,0
814338,3.32,28,0,0,3
817758,3.73,568,0,0,83
818397,2.97,82,0,0,4
818647,2.90,29,0,0,11
820067,4.00,1,0,0,0
823625,2.45,57,0,0,0
829280,3.41,333,0,0,71
829557,2.29,31,0,0,1
829560,1.89,9,0,0,0
836225,3.25,10,0,0,0
840326,3.46,116,0,0,22
841755,3.13,24,0,0,2
842675,2.71,14,0,0,0
851644,3.56,8,0,0,0
864370,3.10,46,0,0,4
868759,2.99,88,0,0,3
872585,4.40,5,0,0,6
876792,2.42,6,0,0,0
877269,2.80,109,0,0,87
877703,2.94,9,0,0,0
877957,3.70,10,0,0,0
878361,3.10,5,0,0,5
882569,3.65,140,0,0,45
882598,3.23,393,0,0,94
884605,3.36,33,0,0,4
894205,3.35,161,0,0,22
899082,3.36,247,0,0,4
899112,3.30,229,0,0,58
899294,2.75,2,0,0,0
900667,3.43,15,0,0,4
901563,3.90,65,0,0,35
913290,3.54,652,0,0,235
916192,2.00,1,0,0,2
916224,3.83,82,0,0,42
928358,3.50,1,0,0,0
929170,2.92,43,0,0,10
931102,2.00,6,0,0,0
934433,3.25,167,0,0,32
937278,3.60,249,0,0,66
938008,3.08,6,0,0,0
949423,3.65,319,0,0,78
950891,4.50,1,0,0,0
955555,3.75,2,0,0,0
961323,3.91,60,0,0,45
964819,2.50,2,0,0,0
964980,3.51,254,0,0,83
965150,4.00,403,0,0,78
966220,3.80,5,0,0,0
976573,3.49,38,0,0,10
985939,3.05,169,0,0,32
995133,3.19,37,0,0,24
997265,3.00,1,0,0,0
1001835,2.40,10,0,0,3
1007401,2.54,12,0,0,0
1008042,3.31,8,0,0,0
1010581,3.71,7,0,0,0
1015606,3.63,4,0,0,0
1022256,3.17,9,0,0,1
1040148,2.83,3,0,0,0
1050035,4.00,1,0,0,0
1087040,2.69,18,0,0,1
